Date,Open,High,Low,Close,Adj Close,Volume
"May 27, 2025",79.83,80.34,78.35,78.9,78.9,"3,600,661"
"May 23, 2025",80.76,82.04,79.2,79.28,79.28,"4,178,500"
"May 22, 2025",80.64,83.13,78.47,82.07,82.07,"6,370,300"
"May 21, 2025",82.57,83.75,81.91,82.27,82.27,"4,692,200"
"May 20, 2025",83.1,83.35,81.34,83.1,83.1,"3,283,800"
"May 19, 2025",83.92,83.92,83.06,83.31,83.31,"1,785,900"
"May 16, 2025",84.04,85.07,83.96,84.62,84.62,"2,110,400"
"May 15, 2025",83.01,83.87,82.7,83.85,83.85,"1,659,300"
"May 14, 2025",83.06,83.79,82.8,83.27,83.27,"1,846,400"
"May 13, 2025",82.82,83.74,82.45,83.18,83.18,"1,984,600"
"May 12, 2025",82.59,82.8,81.34,82.67,82.67,"2,097,200"
"May 9, 2025",80.75,81.56,80.36,81.31,81.31,"1,854,400"
"May 8, 2025",79.07,80.84,78.85,80.25,80.25,"2,446,500"
"May 7, 2025",78.43,78.79,77.62,78.64,78.64,"2,652,700"
"May 6, 2025",77.88,78.81,77.43,78.05,78.05,"1,352,300"
"May 5, 2025",77.9,79.27,77.79,78.23,78.23,"1,749,300"
"May 2, 2025",77.87,78.67,77.7,78.23,78.23,"1,562,900"
"May 1, 2025",77.88,78.29,77.19,77.25,77.25,"1,959,500"
"Apr 30, 2025",76.83,77.66,76.11,77.54,77.54,"1,895,800"
"Apr 29, 2025",75.92,77.87,75.7,77.55,77.55,"1,837,100"
"Apr 28, 2025",76.27,76.64,75.66,76.16,76.16,"1,911,600"
"Apr 25, 2025",75.48,76.32,74.92,76.03,76.03,"1,300,200"
"Apr 24, 2025",73.17,75.69,72.92,75.49,75.49,"1,911,300"
"Apr 23, 2025",73.23,74.76,72.26,72.83,72.83,"1,514,200"
"Apr 22, 2025",71.74,72.04,70.96,71.74,71.74,"1,499,000"
"Apr 21, 2025",70.93,71.62,69.66,70.49,70.49,"1,350,600"
"Apr 17, 2025",71.63,72.19,71.07,71.49,71.49,"1,434,600"
"Apr 16, 2025",71.69,72.82,70.57,71.2,71.2,"1,460,100"
"Apr 15, 2025",71.96,73.13,71.79,72.4,72.4,"1,916,900"
"Apr 14, 2025",72.37,73.24,71.35,71.98,71.98,"1,660,500"
"Apr 11, 2025",70,71.5,68.83,71.34,71.34,"1,929,300"
"Apr 10, 2025",69.18,70.29,67.31,69.61,69.61,"2,969,400"
"Apr 9, 2025",66.25,72.34,65.62,71.83,71.83,"4,170,300"
"Apr 8, 2025",69.54,70.56,65.81,66.7,66.7,"2,760,900"
"Apr 7, 2025",64.78,70.08,64.41,68.05,68.05,"4,439,700"
"Apr 4, 2025",69.67,70.46,67.03,67.75,67.75,"4,687,900"
"Apr 3, 2025",72.01,73.38,70.67,73.25,73.25,"2,531,000"
"Apr 2, 2025",73.35,75.5,73.22,75.04,75.04,"1,418,700"
"Apr 1, 2025",73.31,74.21,72.19,74.02,74.02,"1,508,000"
"Mar 31, 2025",73.66,73.84,71.9,73.77,73.77,"2,205,700"
"Mar 28, 2025",76.27,76.56,74.27,74.84,74.84,"1,515,900"
"Mar 27, 2025",77.93,78,76.57,76.78,76.78,"1,722,700"
"Mar 26, 2025",78.45,78.45,77.13,77.78,77.78,"1,314,400"
"Mar 25, 2025",78.37,79.45,77.88,78.13,78.13,"1,586,600"
"Mar 24, 2025",76.91,78.3,76.82,78.2,78.2,"1,970,000"
"Mar 21, 2025",75.55,76.36,75.2,75.97,75.97,"6,268,800"
"Mar 20, 2025",75.61,76.91,75.6,76.03,76.03,"1,470,900"
"Mar 19, 2025",75.98,77.25,75.74,76.26,76.26,"1,690,000"
"Mar 18, 2025",74.08,75.75,74.04,75.45,75.45,"1,728,700"
"Mar 17, 2025",74.5,75.87,74.23,75.16,75.16,"1,773,800"
"Mar 14, 2025",72.81,74.91,72.79,74.2,74.2,"2,192,100"
"Mar 13, 2025",73.54,73.71,71.66,72.23,72.23,"2,033,500"
"Mar 12, 2025",74.28,74.67,72.79,73.95,73.95,"1,941,900"
"Mar 11, 2025",73.5,74.87,72.74,73.15,73.15,"2,773,000"
"Mar 10, 2025",75.71,75.85,73.04,73.47,73.47,"3,222,100"
"Mar 7, 2025",75,76.56,74.13,75.98,75.98,"3,303,900"
"Mar 6, 2025",75.31,77.35,74.64,75.48,75.48,"3,075,700"
"Mar 5, 2025",74.72,75.7,73.97,75.6,75.6,"2,614,900"
"Mar 4, 2025",73.96,75.84,72.89,74.93,74.93,"3,720,500"
"Mar 3, 2025",74.58,75.86,73.92,74.31,74.31,"3,286,500"
"Feb 28, 2025",72.88,73.73,72.28,73.7,73.7,"3,080,400"
"Feb 27, 2025",74.25,74.8,72.63,72.88,72.88,"2,738,400"
"Feb 26, 2025",74.2,75.42,73.51,74.15,74.15,"3,810,100"
"Feb 25, 2025",77.67,77.67,72.51,74.22,74.22,"11,067,500"
"Feb 24, 2025",82.13,83.35,79.92,81.1,81.1,"6,493,900"
"Feb 21, 2025",84.83,85.85,82.26,82.5,82.5,"4,125,300"
"Feb 20, 2025",84.55,85.04,82.75,83.45,83.45,"2,788,200"
"Feb 19, 2025",84.5,85.2,83.07,85.17,85.17,"2,428,100"
"Feb 18, 2025",85.3,85.4,83.41,85.2,85.2,"2,320,400"
"Feb 14, 2025",85.16,85.3,83.32,85.1,85.1,"1,436,300"
"Feb 13, 2025",83.29,85.46,83.27,85.16,85.16,"1,733,400"
"Feb 12, 2025",82.5,83.41,81.46,83.05,83.05,"2,364,300"
"Feb 11, 2025",86.33,86.93,83.29,83.82,83.82,"2,636,500"
"Feb 10, 2025",86.91,88.62,86.43,87.1,87.1,"2,347,800"
"Feb 7, 2025",87.26,88.16,85.71,86.12,86.12,"1,826,900"
"Feb 6, 2025",86.5,86.83,85.79,86.69,86.69,"1,549,400"
"Feb 5, 2025",86.47,87.58,85.49,85.99,85.99,"1,377,400"
"Feb 4, 2025",86.68,87.18,85.78,86.18,86.18,"1,450,800"
"Feb 3, 2025",85.5,86.4,84.25,86.12,86.12,"1,465,500"
"Jan 31, 2025",88.06,88.77,86.58,86.94,86.94,"2,861,500"
"Jan 30, 2025",86.96,87.95,86.15,87.29,87.29,"1,699,500"
"Jan 29, 2025",88.4,88.4,86.37,87.2,87.2,"2,200,600"
"Jan 28, 2025",82.45,88.9,82.36,88.64,88.64,"4,971,800"
"Jan 27, 2025",79.02,82.28,78.78,82,82,"2,259,100"
"Jan 24, 2025",80.75,82.31,79.99,80.17,80.17,"2,100,000"
"Jan 23, 2025",79.27,80.03,76.38,80.01,80.01,"3,526,400"
"Jan 22, 2025",79.04,79.36,78.07,79.28,79.28,"2,287,900"
"Jan 21, 2025",78.79,79.21,77.6,78.54,78.54,"2,470,800"
"Jan 17, 2025",80.04,80.21,78.01,78.07,78.07,"2,923,900"
"Jan 16, 2025",80.3,80.46,79.27,79.44,79.44,"1,803,100"
"Jan 15, 2025",80.12,80.82,79.36,80.26,80.26,"2,045,700"
"Jan 14, 2025",79.68,80.24,78.53,79.2,79.2,"1,537,500"
"Jan 13, 2025",78.53,79.72,78.53,78.82,78.82,"1,885,000"
"Jan 10, 2025",78.57,79.82,78.02,79.46,79.46,"2,750,300"
"Jan 8, 2025",80.12,80.66,78.86,79.9,79.9,"2,850,700"
"Jan 7, 2025",83.8,84.03,80.12,80.45,80.45,"2,150,000"
"Jan 6, 2025",83.17,84.19,82,82.34,82.34,"2,425,600"
"Jan 3, 2025",81.43,82.78,81.4,82.7,82.7,"1,639,700"
"Jan 2, 2025",82.51,82.79,80.88,81.58,81.58,"1,774,100"
"Dec 31, 2024",83,83,81.27,81.61,81.61,"1,952,400"
"Dec 30, 2024",82.78,83.22,81.6,82.73,82.73,"1,476,500"
"Dec 27, 2024",85.2,85.5,82.72,83.82,83.82,"2,140,300"
"Dec 26, 2024",85.16,86.14,84.85,85.44,85.44,"1,980,600"
"Dec 24, 2024",85,86,84.82,85.67,85.67,"902,900"
"Dec 23, 2024",85.25,85.74,84.41,85.27,85.27,"2,377,000"
"Dec 20, 2024",83.2,86.1,82.86,85.6,85.6,"5,090,800"
"Dec 19, 2024",84.63,85.33,83.65,84.05,84.05,"3,662,500"
"Dec 18, 2024",84.9,85.78,81.62,82.05,82.05,"2,796,700"
"Dec 17, 2024",83.16,84.7,82.55,84.6,84.6,"2,517,500"
"Dec 16, 2024",84.06,84.64,83.22,83.8,83.8,"2,646,600"
"Dec 13, 2024",86.81,87.3,83.38,83.79,83.79,"2,627,100"
"Dec 12, 2024",85.68,87.28,85.43,87.05,87.05,"2,103,600"
"Dec 11, 2024",84.15,86.8,83.93,86.59,86.59,"3,501,100"
"Dec 10, 2024",84.76,85.5,83.46,83.83,83.83,"3,744,000"
"Dec 9, 2024",85.88,87.72,85.5,85.58,85.58,"3,518,600"
"Dec 6, 2024",83.76,86.75,83.76,86.22,86.22,"3,359,200"
"Dec 5, 2024",83.99,85.12,83.31,83.36,83.36,"2,173,400"
"Dec 4, 2024",82.9,84.14,82.28,83.65,83.65,"3,143,700"
"Dec 3, 2024",82.64,82.99,81.76,82.63,82.63,"2,303,200"
"Dec 2, 2024",82.5,84.88,82.17,83.11,83.11,"2,943,900"
"Nov 29, 2024",84.8,85.65,82.34,82.69,82.69,"3,233,900"
"Nov 27, 2024",84.09,85.8,83.78,85.36,85.36,"5,212,300"
"Nov 26, 2024",84.02,85,81.22,83.41,83.41,"12,886,600"
"Nov 25, 2024",88.3,92.8,88.21,89.03,89.03,"17,383,600"
"Nov 22, 2024",81.4,86,81.4,85.88,85.88,"5,636,100"
"Nov 21, 2024",78.96,81.65,78.9,81.2,81.2,"3,962,000"
"Nov 20, 2024",77.88,79.24,77.88,78.86,78.86,"2,318,000"
"Nov 19, 2024",78.82,79.03,77.5,77.75,77.75,"4,138,400"
"Nov 18, 2024",81.21,81.21,78.88,78.93,78.93,"4,177,200"
"Nov 15, 2024",81.52,81.98,80.92,81.14,81.14,"2,234,600"
"Nov 14, 2024",84.87,84.89,82.4,82.63,82.63,"2,906,200"
"Nov 13, 2024",86.51,87.14,84.65,85.04,85.04,"2,729,000"
"Nov 12, 2024",84.73,87.1,84.07,86.32,86.32,"3,943,000"
"Nov 11, 2024",81.87,86.23,81.83,85.58,85.58,"5,447,400"
"Nov 8, 2024",80.52,81.57,80.21,81.46,81.46,"2,839,800"
"Nov 7, 2024",79.69,80.47,78.54,80.19,80.19,"2,288,300"
"Nov 6, 2024",78.2,80.35,78.16,79.69,79.69,"3,880,300"
"Nov 5, 2024",75.79,77.85,75.72,77.75,77.75,"2,568,400"
"Nov 4, 2024",75.53,75.97,74.52,75.54,75.54,"1,551,100"
"Nov 1, 2024",74.69,76.03,74.58,75.6,75.6,"1,973,300"
"Oct 31, 2024",74.67,75.51,74.63,74.74,74.74,"1,723,100"
"Oct 30, 2024",75.39,75.83,74.73,74.78,74.78,"2,008,600"
"Oct 29, 2024",73.85,75.96,73.65,75.5,75.5,"3,571,200"
"Oct 28, 2024",72.93,74.16,72.68,73.85,73.85,"2,129,800"
"Oct 25, 2024",72.78,73.75,72.61,72.63,72.63,"2,073,300"
"Oct 24, 2024",72.74,73.99,72.36,72.66,72.66,"2,926,700"
"Oct 23, 2024",72.01,73.18,71.76,72.54,72.54,"2,654,300"
"Oct 22, 2024",72,73.12,71.71,72.22,72.22,"2,710,100"
"Oct 21, 2024",70.27,72.36,70.2,72.17,72.17,"2,805,100"
"Oct 18, 2024",70.39,70.74,70.15,70.52,70.52,"1,444,800"
"Oct 17, 2024",69.42,70.32,68.72,70.2,70.2,"1,939,800"
"Oct 16, 2024",68.22,69.09,68.05,68.93,68.93,"1,954,100"
"Oct 15, 2024",67.74,68.73,67.66,68.42,68.42,"2,735,300"
"Oct 14, 2024",70.98,71.07,67.64,67.89,67.89,"3,658,200"
"Oct 11, 2024",70.71,71.45,70.5,70.68,70.68,"2,967,300"
"Oct 10, 2024",69.51,71.37,69.36,70.85,70.85,"4,969,600"
"Oct 9, 2024",68.12,70.34,68.12,69.97,69.97,"4,297,200"
"Oct 8, 2024",68.3,68.62,66.98,68.32,68.32,"2,497,000"
"Oct 7, 2024",69.09,69.3,67.82,68.16,68.16,"2,110,700"
"Oct 4, 2024",68,68.69,67.58,68.66,68.66,"1,875,300"
"Oct 3, 2024",67.27,67.58,66.87,67.21,67.21,"1,633,300"
"Oct 2, 2024",68.33,68.49,67.5,67.61,67.61,"1,786,600"
"Oct 1, 2024",69.61,69.92,68.21,68.64,68.64,"1,930,600"
"Sep 30, 2024",69.48,70.33,69.3,69.74,69.74,"2,024,600"
"Sep 27, 2024",69.01,69.59,68.72,69.55,69.55,"1,417,500"
"Sep 26, 2024",68.43,69.35,68.13,68.9,68.9,"2,018,900"
"Sep 25, 2024",68.96,69.36,67.79,67.95,67.95,"2,479,900"
"Sep 24, 2024",69.41,70.17,68.65,69.43,69.43,"2,294,700"
"Sep 23, 2024",67.66,68.96,67.51,68.79,68.79,"2,526,600"
"Sep 20, 2024",66.89,67.58,66.76,67.53,67.53,"4,368,500"
"Sep 19, 2024",67.06,67.65,66.72,66.91,66.91,"1,908,000"
"Sep 18, 2024",67.78,67.9,65.91,66.04,66.04,"2,571,700"
"Sep 17, 2024",68.12,68.55,67.7,68.11,68.11,"2,305,000"
"Sep 16, 2024",67.47,68.57,67.39,67.62,67.62,"4,054,700"
"Sep 13, 2024",66.51,67.99,66.44,67.59,67.59,"2,061,800"
"Sep 12, 2024",67.47,67.5,65.98,66.55,66.55,"2,184,400"
"Sep 11, 2024",66.61,67.58,66.26,67.3,67.3,"3,516,700"
"Sep 10, 2024",66.87,66.88,65.87,66.7,66.7,"3,476,000"
"Sep 9, 2024",66.96,67.56,66.44,66.59,66.59,"2,780,700"
"Sep 6, 2024",67.93,68.56,66.6,67.18,67.18,"2,797,500"
"Sep 5, 2024",68.09,68.81,67.07,67.23,67.23,"2,638,000"
"Sep 4, 2024",68.54,69.23,68,68.19,68.19,"2,896,500"
"Sep 3, 2024",69.08,70.41,68.61,68.83,68.83,"3,316,400"
"Aug 30, 2024",69.97,70.28,68.8,69.08,69.08,"5,144,500"
"Aug 29, 2024",70.81,71.15,69.9,69.94,69.94,"2,759,900"
"Aug 28, 2024",71.75,72.34,70.04,70.69,70.69,"4,479,000"
"Aug 27, 2024",71.5,72.33,70.92,71.9,71.9,"4,605,700"
"Aug 26, 2024",70.09,72.36,70,71.32,71.32,"6,547,300"
"Aug 23, 2024",68.15,70.86,68.02,70.14,70.14,"10,683,900"
"Aug 22, 2024",61.81,68.28,60.71,68.04,68.04,"22,168,500"
"Aug 21, 2024",59.62,60.26,59.35,60.23,60.23,"7,107,300"
"Aug 20, 2024",59.61,59.97,58.78,59.13,59.13,"2,224,200"
"Aug 19, 2024",58.5,59.87,58.49,59.82,59.82,"2,679,700"
"Aug 16, 2024",57.52,58.26,57.23,58.07,58.07,"1,735,000"
"Aug 15, 2024",57.73,58.14,57.51,57.85,57.85,"3,151,800"
"Aug 14, 2024",56.41,57.06,56.12,57,57,"1,615,900"
"Aug 13, 2024",55.49,56.67,55.28,56.65,56.65,"2,494,900"
"Aug 12, 2024",56.35,56.5,55.06,55.32,55.32,"2,357,200"
"Aug 9, 2024",56.17,56.53,55.55,56.38,56.38,"1,742,400"
"Aug 8, 2024",56.36,56.57,56,56.21,56.21,"2,311,500"
"Aug 7, 2024",56.49,57.43,55.62,55.72,55.72,"2,838,300"
"Aug 6, 2024",55.88,56.68,55.61,55.83,55.83,"3,303,500"
"Aug 5, 2024",56.63,56.87,55.6,55.63,55.63,"3,765,300"
"Aug 2, 2024",58.09,58.87,57.32,58.49,58.49,"2,365,100"
"Aug 1, 2024",60.44,60.79,58.84,58.97,58.97,"2,449,900"
"Jul 31, 2024",61.45,62.22,60.29,60.4,60.4,"3,187,500"
"Jul 30, 2024",60.21,61.26,59.92,61.05,61.05,"1,805,300"
"Jul 29, 2024",60.41,60.62,59.96,60.32,60.32,"1,636,500"
"Jul 26, 2024",59.92,60.65,59.59,60.09,60.09,"1,906,300"
"Jul 25, 2024",58.29,60.48,57.98,59.61,59.61,"3,238,900"
"Jul 24, 2024",59.23,59.65,58,58.16,58.16,"2,495,100"
"Jul 23, 2024",58.47,59.92,58.47,59.42,59.42,"2,466,300"
"Jul 22, 2024",59.13,59.25,58.13,58.64,58.64,"1,985,500"
"Jul 19, 2024",58.83,59.09,58.27,58.87,58.87,"1,857,400"
"Jul 18, 2024",59,59.74,58.79,59.15,59.15,"2,342,500"
"Jul 17, 2024",58.89,59.38,58.63,59.1,59.1,"2,352,300"
"Jul 16, 2024",58.25,59.19,58.12,59.16,59.16,"2,449,600"
"Jul 15, 2024",57.64,59.03,57.47,58.33,58.33,"3,053,100"
"Jul 12, 2024",56.61,57.73,56.48,57.58,57.58,"3,438,000"
"Jul 11, 2024",56.06,57.39,56.06,56.6,56.6,"3,515,300"
"Jul 10, 2024",56.7,57.05,55.78,56,56,"4,015,100"
"Jul 9, 2024",57.15,57.68,56.74,56.88,56.88,"3,946,200"
"Jul 8, 2024",58.19,58.32,57.23,57.4,57.4,"2,882,500"
"Jul 5, 2024",58.69,58.91,58.22,58.26,58.26,"1,958,100"
"Jul 3, 2024",58.27,58.78,58.17,58.63,58.63,"1,415,900"
"Jul 2, 2024",59.37,59.86,58.29,58.34,58.34,"1,922,400"
"Jul 1, 2024",59.1,59.41,58.83,59.21,59.21,"1,937,900"
"Jun 28, 2024",58.67,59.68,58.55,59.19,59.19,"3,749,400"
"Jun 27, 2024",57.41,58.51,56.95,58.47,58.47,"4,181,500"
"Jun 26, 2024",57.79,57.95,57.28,57.54,57.54,"2,541,000"
"Jun 25, 2024",57.71,58.3,57.37,57.79,57.79,"2,455,400"
"Jun 24, 2024",58.61,58.9,57.44,57.81,57.81,"3,511,100"
"Jun 21, 2024",58,59.2,57.76,58.88,58.88,"9,509,900"
"Jun 20, 2024",56.12,58.37,55.63,58.31,58.31,"4,351,000"
"Jun 18, 2024",57.13,57.31,56.09,56.21,56.21,"3,217,800"
"Jun 17, 2024",57.4,57.57,56.4,56.95,56.95,"4,355,900"
"Jun 14, 2024",57.93,58.16,57.33,57.74,57.74,"3,014,700"
"Jun 13, 2024",60.26,60.5,57.93,57.94,57.94,"4,662,600"
"Jun 12, 2024",63.49,63.5,60.35,60.52,60.52,"3,725,000"
"Jun 11, 2024",62.99,63.23,61.71,62.85,62.85,"1,963,900"
"Jun 10, 2024",62.43,63.32,62.42,62.96,62.96,"3,631,500"
"Jun 7, 2024",62.78,63.44,62.58,62.84,62.84,"2,514,300"
"Jun 6, 2024",62,63.78,61.9,63.11,63.11,"3,201,400"
"Jun 5, 2024",61.78,62.45,61.63,62.09,62.09,"2,566,400"
"Jun 4, 2024",61.6,62.1,61.32,61.53,61.53,"2,063,800"
"Jun 3, 2024",61.8,62.49,61.47,61.73,61.73,"2,873,300"
"May 31, 2024",60.65,61.42,60.2,61.34,61.34,"4,489,100"
"May 30, 2024",61.35,61.58,60.1,60.53,60.53,"3,402,300"
"May 29, 2024",61.42,61.89,61.21,61.36,61.36,"2,351,100"
"May 28, 2024",62.96,63.09,61.7,62.06,62.06,"2,994,000"
"May 24, 2024",62.17,63.45,62.17,63.01,63.01,"7,322,100"
"May 23, 2024",64.64,64.68,62.19,62.42,62.42,"3,007,500"
"May 22, 2024",64,65.2,63.55,64.38,64.38,"2,986,200"
"May 21, 2024",62.81,65.4,62.61,63.86,63.86,"8,015,200"
"May 20, 2024",64.12,64.5,63.57,64.09,64.09,"6,125,600"
"May 17, 2024",63.61,64.18,63.52,64.16,64.16,"3,152,100"
"May 16, 2024",63.55,64.14,63.09,63.96,63.96,"2,612,000"
"May 15, 2024",64.15,64.19,62.77,63.81,63.81,"2,387,200"
"May 14, 2024",63.75,64.17,63.09,63.53,63.53,"2,788,100"
"May 13, 2024",62.29,63.46,62.18,63.11,63.11,"2,894,100"
"May 10, 2024",61.28,62.08,61.2,61.97,61.97,"2,242,500"
"May 9, 2024",61.13,62.12,61.03,61.13,61.13,"2,525,300"
"May 8, 2024",61.65,63.04,61.02,61.23,61.23,"2,697,200"
"May 7, 2024",61.96,62.36,61.76,62.14,62.14,"2,261,600"
"May 6, 2024",61.82,62.24,61.53,61.82,61.82,"2,825,500"
"May 3, 2024",63.53,63.77,61.34,61.82,61.82,"3,041,900"
"May 2, 2024",62.3,63.18,61.8,62.83,62.83,"2,731,800"
"May 1, 2024",60.9,62.29,60.69,61.61,61.61,"2,445,800"
"Apr 30, 2024",62.71,62.95,60.89,61.1,61.1,"2,544,700"
"Apr 29, 2024",62.5,63.83,62.5,63.32,63.32,"3,034,900"
"Apr 26, 2024",61.44,62.06,61.26,62,62,"2,801,200"
"Apr 25, 2024",60.4,61.16,60.32,61.04,61.04,"2,518,200"
"Apr 24, 2024",61.91,62.17,60.98,61.65,61.65,"3,215,300"
"Apr 23, 2024",59.63,61.76,59.63,61.62,61.62,"3,891,000"
"Apr 22, 2024",59.94,60.07,58.88,59.54,59.54,"2,905,900"
"Apr 19, 2024",59.81,60.21,59.08,59.45,59.45,"2,492,500"
"Apr 18, 2024",60.25,60.75,59.61,59.94,59.94,"4,223,900"
"Apr 17, 2024",59.28,59.79,59.01,59.08,59.08,"2,034,200"
"Apr 16, 2024",60.2,60.28,59.26,59.28,59.28,"2,241,800"
"Apr 15, 2024",61.71,61.79,59.76,60.24,60.24,"3,361,200"
"Apr 12, 2024",62.07,62.5,61.57,61.63,61.63,"2,700,500"
"Apr 11, 2024",62.7,62.82,62.02,62.52,62.52,"2,009,200"
"Apr 10, 2024",62.4,62.9,61.55,62.22,62.22,"3,166,200"
"Apr 9, 2024",62.97,64.63,62.81,63.85,63.85,"3,284,100"
"Apr 8, 2024",62.22,63.66,61.7,63.01,63.01,"3,309,100"
"Apr 5, 2024",63.07,63.42,62.62,62.94,62.94,"2,291,400"
"Apr 4, 2024",63.51,64.33,63.03,63.28,63.28,"2,614,500"
"Apr 3, 2024",63.47,63.85,63.01,63.22,63.22,"2,831,600"
"Apr 2, 2024",63.51,64.1,63.23,63.78,63.78,"2,927,700"
"Apr 1, 2024",67.04,67.04,64.62,64.73,64.73,"2,955,100"
"Mar 28, 2024",66.86,66.86,65.33,65.37,65.37,"2,605,800"
"Mar 27, 2024",66.61,66.96,65.93,66.62,66.62,"1,882,900"
"Mar 26, 2024",67,67.39,66.18,66.35,66.35,"1,642,100"
"Mar 25, 2024",65.85,66.94,65.35,66.71,66.71,"2,227,000"
"Mar 22, 2024",66.35,66.41,65.58,65.96,65.96,"1,521,200"
"Mar 21, 2024",67.27,67.27,66.42,66.54,66.54,"1,702,400"
"Mar 20, 2024",66.66,67.26,65.97,66.86,66.86,"1,594,900"
"Mar 19, 2024",65.5,67,65.35,66.53,66.53,"2,341,900"
"Mar 18, 2024",66.31,67.22,66,66.23,66.23,"2,132,700"
"Mar 15, 2024",66.74,67.61,65.89,65.96,65.96,"5,674,700"
"Mar 14, 2024",68.56,68.88,66.87,67.26,67.26,"1,902,800"
"Mar 13, 2024",69.74,69.95,68.34,68.44,68.44,"2,402,900"
"Mar 12, 2024",70,70.57,69.3,69.88,69.88,"3,160,600"
"Mar 11, 2024",67.19,70.26,67.13,69.68,69.68,"4,434,000"
"Mar 8, 2024",67.66,68.29,67.15,67.16,67.16,"2,982,200"
"Mar 7, 2024",66.55,67.46,66.55,67.03,67.03,"2,483,500"
"Mar 6, 2024",67.19,67.78,66.31,66.42,66.42,"2,925,100"
"Mar 5, 2024",68.73,69.19,66.06,66.49,66.49,"4,874,600"
"Mar 4, 2024",70.91,70.92,69.49,69.71,69.71,"5,257,900"
"Mar 1, 2024",70.98,71.2,70.13,70.91,70.91,"4,271,900"
"Feb 29, 2024",70,71.3,69.07,70.73,70.73,"5,830,400"
"Feb 28, 2024",67.73,70.61,67.57,69.62,69.62,"8,100,900"
"Feb 27, 2024",67.15,69.48,65.06,68.17,68.17,"18,558,000"
"Feb 26, 2024",63.65,64.32,62.94,63.12,63.12,"13,348,800"
"Feb 23, 2024",62.5,63.47,62.3,63.4,63.4,"3,518,800"
"Feb 22, 2024",61.93,62.18,60.94,62.12,62.12,"3,383,300"
"Feb 21, 2024",60.42,61.42,60.14,61.35,61.35,"3,343,800"
"Feb 20, 2024",61.7,61.92,60.47,61.32,61.32,"3,742,800"
"Feb 16, 2024",63.38,63.76,62.08,62.12,62.12,"4,125,600"
"Feb 15, 2024",64.35,64.73,63.74,64.04,64.04,"1,917,700"
"Feb 14, 2024",64.34,64.48,63.51,64.14,64.14,"1,811,000"
"Feb 13, 2024",63,64.05,62.81,63.66,63.66,"3,230,000"
"Feb 12, 2024",65.72,66.15,64.45,64.48,64.48,"3,077,300"
"Feb 9, 2024",64.21,66.5,64.01,65.7,65.7,"4,302,100"
"Feb 8, 2024",63.69,64.07,63.07,63.9,63.9,"3,304,500"
"Feb 7, 2024",64.18,64.25,63.06,63.88,63.88,"2,738,600"
"Feb 6, 2024",63.53,64.14,63.21,63.6,63.6,"3,031,200"
"Feb 5, 2024",63.93,64.02,63.35,63.69,63.69,"2,597,100"
"Feb 2, 2024",64.28,64.79,63.36,64.27,64.27,"4,005,800"
"Feb 1, 2024",64.78,65.65,64.13,64.85,64.85,"4,066,500"
"Jan 31, 2024",66.25,66.38,64.57,64.61,64.61,"4,178,200"
"Jan 30, 2024",68.33,68.8,67.14,67.18,67.18,"2,418,900"
"Jan 29, 2024",67.59,69.1,67.59,68.93,68.93,"2,655,700"
"Jan 26, 2024",67.33,68.75,67.22,67.74,67.74,"2,112,100"
"Jan 25, 2024",69.5,69.5,67.18,67.42,67.42,"2,670,000"
"Jan 24, 2024",70.42,70.6,68.92,69.04,69.04,"1,944,300"
"Jan 23, 2024",69.59,69.9,69.11,69.63,69.63,"2,373,100"
"Jan 22, 2024",69.53,70.66,69.04,69.59,69.59,"2,493,800"
"Jan 19, 2024",67.66,69.04,67.11,69.04,69.04,"2,098,700"
"Jan 18, 2024",67.52,67.98,66.45,67.32,67.32,"2,611,200"
"Jan 17, 2024",68.14,68.17,66.4,67.95,67.95,"2,357,300"
"Jan 16, 2024",69.9,70.41,68.16,69.1,69.1,"3,503,200"
"Jan 12, 2024",68.69,71.5,68.69,70.46,70.46,"4,035,600"
"Jan 11, 2024",68.34,68.68,66.97,68.5,68.5,"3,334,700"
"Jan 10, 2024",68.25,68.3,67.58,68.18,68.18,"2,078,300"
"Jan 9, 2024",67.46,68.93,67.21,68.31,68.31,"2,178,200"
"Jan 8, 2024",67.2,68.96,66.78,68.39,68.39,"2,341,300"
"Jan 5, 2024",66.53,68.03,66.47,66.96,66.96,"1,958,800"
"Jan 4, 2024",67,67.54,66.4,66.9,66.9,"1,962,100"
"Jan 3, 2024",68.31,68.49,67.11,67.17,67.17,"2,493,500"
"Jan 2, 2024",71.1,71.45,69,69.15,69.15,"2,869,400"
"Dec 29, 2023",72.98,73.6,71.81,71.91,71.91,"2,425,900"
"Dec 28, 2023",73.77,74,72.92,73.09,73.09,"2,330,200"
"Dec 27, 2023",74.3,74.77,73.16,73.73,73.73,"2,392,300"
"Dec 26, 2023",72.61,74.35,72.37,74.21,74.21,"2,939,900"
"Dec 22, 2023",72.12,72.84,71.67,72.5,72.5,"2,383,600"
"Dec 21, 2023",70.58,72.04,70.26,71.9,71.9,"3,798,700"
"Dec 20, 2023",71.33,71.78,69.85,69.86,69.86,"3,512,700"
"Dec 19, 2023",71.57,72.79,71.4,72.42,72.42,"3,014,000"
"Dec 18, 2023",70.86,72.64,70.82,71.36,71.36,"2,967,400"
"Dec 15, 2023",72.25,72.46,70.96,71.57,71.57,"19,845,000"
"Dec 14, 2023",72.12,73.94,71.51,72.14,72.14,"5,929,600"
"Dec 13, 2023",71.31,71.35,68.85,71.22,71.22,"4,510,700"
"Dec 12, 2023",71.98,72.17,71.03,71.28,71.28,"4,712,800"
"Dec 11, 2023",71.82,73.74,70.95,72.58,72.58,"6,531,300"
"Dec 8, 2023",71.7,73.96,71.17,73.06,73.06,"5,028,100"
"Dec 7, 2023",71,72.04,70.63,71.93,71.93,"4,312,500"
"Dec 6, 2023",69.58,71.44,68.75,70.94,70.94,"4,731,900"
"Dec 5, 2023",67.91,69.26,67.09,68.72,68.72,"3,753,100"
"Dec 4, 2023",69.8,70.26,65.6,68.16,68.16,"8,401,100"
"Dec 1, 2023",67.76,70.46,67.58,70.29,70.29,"4,477,100"
"Nov 30, 2023",68.39,68.68,67.25,67.83,67.83,"3,923,800"
"Nov 29, 2023",68.43,69.09,67.86,67.95,67.95,"3,554,600"
"Nov 28, 2023",65.29,67.64,64.91,67.53,67.53,"5,131,900"
"Nov 27, 2023",64.39,65.73,64.06,65.55,65.55,"3,830,000"
"Nov 24, 2023",64.03,64.98,63.82,64.53,64.53,"1,842,300"
"Nov 22, 2023",66.05,66.53,63.77,63.83,63.83,"5,094,700"
"Nov 21, 2023",63.66,66.55,61.83,65.94,65.94,"13,812,400"
"Nov 20, 2023",64.59,66.08,64.48,66,66,"10,633,100"
"Nov 17, 2023",64.43,64.76,63.57,64.12,64.12,"4,208,900"
"Nov 16, 2023",63.29,63.98,63.1,63.4,63.4,"2,441,100"
"Nov 15, 2023",63.16,65.4,63.15,63.74,63.74,"3,720,400"
"Nov 14, 2023",63,64.05,62.07,62.77,62.77,"4,447,000"
"Nov 13, 2023",61.96,62.44,61.32,61.54,61.54,"2,258,500"
"Nov 10, 2023",60.67,62.22,60.24,62.06,62.06,"2,672,700"
"Nov 9, 2023",61.98,62,60.62,60.65,60.65,"2,581,500"
"Nov 8, 2023",62.42,62.69,61.5,61.83,61.83,"1,993,800"
"Nov 7, 2023",62.46,63.21,61.99,62.69,62.69,"2,375,300"
"Nov 6, 2023",63.14,63.31,61.23,61.82,61.82,"3,058,100"
"Nov 3, 2023",61.98,63.31,61.76,62.99,62.99,"3,147,400"
"Nov 2, 2023",61,61.7,60.35,61.28,61.28,"3,031,300"
"Nov 1, 2023",60,60.36,59.35,60.03,60.03,"2,108,000"
"Oct 31, 2023",60.22,60.43,59.49,59.98,59.98,"1,734,600"
"Oct 30, 2023",59.57,60.52,59,60,60,"2,174,500"
"Oct 27, 2023",59.96,60.14,59,59.29,59.29,"1,818,300"
"Oct 26, 2023",60.45,60.97,58.87,59.5,59.5,"2,493,400"
"Oct 25, 2023",61.4,61.78,60.27,60.35,60.35,"3,097,600"
"Oct 24, 2023",61.49,62.87,61.49,62.14,62.14,"2,419,900"
"Oct 23, 2023",61.1,62.04,60.9,61.13,61.13,"2,046,200"
"Oct 20, 2023",62.42,62.65,61.41,61.71,61.71,"2,476,300"
"Oct 19, 2023",63.43,63.97,62.12,62.36,62.36,"1,651,400"
"Oct 18, 2023",63.32,63.81,62.79,62.97,62.97,"1,951,500"
"Oct 17, 2023",62.68,64.92,62.65,63.84,63.84,"3,031,800"
"Oct 16, 2023",63.06,63.59,62.44,63.18,63.18,"2,379,000"
"Oct 13, 2023",63.42,63.7,62.15,62.75,62.75,"2,809,800"
"Oct 12, 2023",64.93,64.93,62.67,63.47,63.47,"3,069,800"
"Oct 11, 2023",67.43,67.59,64.78,64.82,64.82,"3,142,900"
"Oct 10, 2023",66,67.89,65.86,67.28,67.28,"2,416,200"
"Oct 9, 2023",63.97,66.13,63.53,66.1,66.1,"3,389,100"
"Oct 6, 2023",63.68,65.8,63.68,65.48,65.48,"3,237,400"
"Oct 5, 2023",65.95,66.06,64.15,64.52,64.52,"3,951,300"
"Oct 4, 2023",68.68,68.88,65.52,66.06,66.06,"4,689,500"
"Oct 3, 2023",69.58,70.25,67.68,68.04,68.04,"3,258,400"
"Oct 2, 2023",69.93,71.38,69.47,70.11,70.11,"2,458,800"
"Sep 29, 2023",69.13,71.08,69.12,69.94,69.94,"2,824,700"
"Sep 28, 2023",67,68.57,66.41,68.33,68.33,"1,829,000"
"Sep 27, 2023",68.94,68.96,66.51,67.32,67.32,"2,617,700"
"Sep 26, 2023",68.19,69.16,68.03,68.3,68.3,"2,262,400"
"Sep 25, 2023",68.25,69.16,68.2,68.65,68.65,"1,853,600"
"Sep 22, 2023",68.5,69.73,68.4,68.85,68.85,"2,496,500"
"Sep 21, 2023",68,68.9,67.86,68.31,68.31,"3,413,900"
"Sep 20, 2023",69.5,70.05,68.77,68.8,68.8,"2,213,800"
"Sep 19, 2023",70.12,70.55,68.64,69.34,69.34,"2,399,000"
"Sep 18, 2023",70.81,71.12,69.78,70.63,70.63,"1,958,700"
"Sep 15, 2023",71.57,72.45,70.65,71.11,71.11,"6,238,300"
"Sep 14, 2023",70.03,71.88,70,71.57,71.57,"3,201,400"
"Sep 13, 2023",70.02,70.35,68.81,69.84,69.84,"3,349,000"
"Sep 12, 2023",70.69,71.78,70.25,70.27,70.27,"2,880,400"
"Sep 11, 2023",71.58,72.91,71.13,71.78,71.78,"4,245,300"
"Sep 8, 2023",73.68,73.8,71.64,72.06,72.06,"3,882,800"
"Sep 7, 2023",73.19,74.82,72.34,73.68,73.68,"3,948,300"
"Sep 6, 2023",73,74.08,72.6,74,74,"3,579,900"
"Sep 5, 2023",70.98,75.9,70.72,73.28,73.28,"9,151,400"
"Sep 1, 2023",71.79,72.42,71.43,71.72,71.72,"4,024,300"
"Aug 31, 2023",69.16,72.55,68.79,71.03,71.03,"6,456,800"
"Aug 30, 2023",68.54,69.27,67.91,68.67,68.67,"2,080,600"
"Aug 29, 2023",67.41,68.92,66.86,68.81,68.81,"2,446,200"
"Aug 28, 2023",68.23,68.56,67.19,67.57,67.57,"1,841,300"
"Aug 25, 2023",66.67,67.96,66.51,67.7,67.7,"2,454,200"
"Aug 24, 2023",69.18,69.19,66.94,66.95,66.95,"2,956,400"
"Aug 23, 2023",66.25,69.54,66.15,68.17,68.17,"7,339,600"
"Aug 22, 2023",67.18,67.37,63.58,65.83,65.83,"13,083,400"
"Aug 21, 2023",66.55,67.94,66.5,67.27,67.27,"9,917,400"
"Aug 18, 2023",64.45,66.82,64.33,66.29,66.29,"3,202,900"
"Aug 17, 2023",65.24,66.34,65.18,65.36,65.36,"2,315,600"
"Aug 16, 2023",65.73,66.71,65.36,65.38,65.38,"2,080,800"
"Aug 15, 2023",67,67.41,65.95,66.06,66.06,"2,567,500"
"Aug 14, 2023",66.2,67.56,65.59,67.55,67.55,"2,202,300"
"Aug 11, 2023",66.55,67.25,66.23,66.6,66.6,"1,507,100"
"Aug 10, 2023",67.81,68.79,66.97,67.47,67.47,"1,976,400"
"Aug 9, 2023",67.51,67.61,66.15,66.55,66.55,"2,142,900"
"Aug 8, 2023",67.47,67.92,65.71,67.55,67.55,"3,562,000"
"Aug 7, 2023",69.09,69.19,67.63,68.66,68.66,"2,459,000"
"Aug 4, 2023",70.3,70.95,69.04,69.06,69.06,"3,077,200"
"Aug 3, 2023",69.1,70.62,69.05,69.89,69.89,"1,945,000"
"Aug 2, 2023",71.52,71.52,69.68,69.89,69.89,"3,067,000"
"Aug 1, 2023",72.93,73.04,71.87,72.91,72.91,"2,064,400"
"Jul 31, 2023",73.28,74.19,72.86,73.35,73.35,"3,002,000"
"Jul 28, 2023",73.35,74.55,72.85,73.08,73.08,"2,742,200"
"Jul 27, 2023",72.18,74.55,71.99,72.39,72.39,"3,944,100"
"Jul 26, 2023",69,71.37,68.54,71.1,71.1,"2,885,300"
"Jul 25, 2023",69.95,70.61,69.28,69.33,69.33,"2,341,000"
"Jul 24, 2023",71,71.6,69.27,69.51,69.51,"2,884,400"
"Jul 21, 2023",70.43,71.49,70.04,71.03,71.03,"5,676,600"
"Jul 20, 2023",72.67,73.35,69.79,69.8,69.8,"3,118,100"
"Jul 19, 2023",72.9,75.1,72.66,73.92,73.92,"4,190,700"
"Jul 18, 2023",73.03,73.88,71.31,72.28,72.28,"4,008,500"
"Jul 17, 2023",70.44,73.46,70.05,72.84,72.84,"4,514,600"
"Jul 14, 2023",71.5,71.99,70.19,70.59,70.59,"3,854,900"
"Jul 13, 2023",70.29,71.45,69.2,71.24,71.24,"3,309,000"
"Jul 12, 2023",70.25,70.95,68.94,69.8,69.8,"3,062,600"
"Jul 11, 2023",67.74,69.89,67.66,69.74,69.74,"3,459,000"
"Jul 10, 2023",64.7,67.66,64.6,67.62,67.62,"3,439,400"
"Jul 7, 2023",64.74,66.22,64.55,65.67,65.67,"2,184,800"
"Jul 6, 2023",66.37,66.59,64.33,64.69,64.69,"3,178,300"
"Jul 5, 2023",67.82,68.35,67.18,67.65,67.65,"2,228,300"
"Jul 3, 2023",67.73,69.32,67.73,68.29,68.29,"1,623,100"
"Jun 30, 2023",68.53,68.56,67.63,67.88,67.88,"2,055,000"
"Jun 29, 2023",68.55,68.55,67.15,67.6,67.6,"2,572,000"
"Jun 28, 2023",67.97,69.06,67.54,68.69,68.69,"2,466,800"
"Jun 27, 2023",67.03,68.34,66.62,68.05,68.05,"2,866,700"
"Jun 26, 2023",66.54,67.86,66.41,66.62,66.62,"2,457,100"
"Jun 23, 2023",66.48,67.49,65.76,66.62,66.62,"5,295,000"
"Jun 22, 2023",66.59,67.48,65.61,67.45,67.45,"2,319,700"
"Jun 21, 2023",70.51,71,66.85,66.93,66.93,"4,120,000"
"Jun 20, 2023",69.21,71.49,69.06,70.56,70.56,"4,056,000"
"Jun 16, 2023",70.12,70.47,69.01,70.06,70.06,"4,804,100"
"Jun 15, 2023",67.74,70.35,67.66,69.94,69.94,"3,164,200"
"Jun 14, 2023",68.43,69.08,66.94,68.4,68.4,"3,658,800"
"Jun 13, 2023",69.43,69.89,68.42,68.82,68.82,"4,048,000"
"Jun 12, 2023",67.14,70.35,66.66,69.18,69.18,"5,276,200"
"Jun 9, 2023",68.05,68.84,66.6,67.14,67.14,"4,058,900"
"Jun 8, 2023",66.5,67.17,65.92,66.74,66.74,"2,889,300"
"Jun 7, 2023",69.98,70.83,66.07,66.5,66.5,"5,368,900"
"Jun 6, 2023",68.44,69.7,68.04,69.5,69.5,"3,752,500"
"Jun 5, 2023",66.75,69.68,65,69.02,69.02,"8,417,400"
"Jun 2, 2023",68.76,69.09,67.03,67.09,67.09,"3,735,000"
"Jun 1, 2023",66.17,68.73,66.07,67.83,67.83,"3,369,000"
"May 31, 2023",65.36,67.35,65.06,67.13,67.13,"5,525,800"
"May 30, 2023",67,67.26,63.93,65.68,65.68,"4,622,300"
"May 26, 2023",65.43,68.48,65.15,66.27,66.27,"5,949,600"
"May 25, 2023",62.45,65.55,61.56,65.12,65.12,"6,533,200"
"May 24, 2023",64.9,66.45,62.35,62.63,62.63,"7,582,600"
"May 23, 2023",69,69.1,65.18,65.65,65.65,"16,952,700"
"May 22, 2023",69.35,71.99,68.85,71.41,71.41,"9,631,800"
"May 19, 2023",69.17,70.12,68.77,69.37,69.37,"3,778,300"
"May 18, 2023",67.83,69.67,67.63,69.53,69.53,"3,934,600"
"May 17, 2023",66.09,67.95,64.91,67.85,67.85,"4,060,200"
"May 16, 2023",65.86,66.59,65.52,65.99,65.99,"2,829,500"
"May 15, 2023",63.4,66.05,63.3,66.03,66.03,"3,559,800"
"May 12, 2023",64.41,64.41,63.29,63.69,63.69,"2,652,900"
"May 11, 2023",64.73,65.05,63.72,64.45,64.45,"2,344,200"
"May 10, 2023",64.14,65.67,64.05,64.43,64.43,"3,533,400"
"May 9, 2023",62.26,64.55,62.21,63.56,63.56,"4,133,900"
"May 8, 2023",63.45,63.95,62.5,62.93,62.93,"2,791,200"
"May 5, 2023",63.13,64.08,62.85,63.4,63.4,"3,189,100"
"May 4, 2023",60.53,63.1,60.53,62.22,62.22,"3,800,600"
"May 3, 2023",61.43,61.92,60.48,60.82,60.82,"3,585,500"
"May 2, 2023",61.37,62.02,60.87,61.19,61.19,"3,202,700"
"May 1, 2023",61.4,61.94,61.05,61.68,61.68,"2,687,700"
"Apr 28, 2023",61.29,61.96,60.45,61.43,61.43,"4,256,300"
"Apr 27, 2023",62.04,62.4,61.19,61.29,61.29,"3,853,200"
"Apr 26, 2023",64.16,64.48,60.91,61.43,61.43,"4,203,300"
"Apr 25, 2023",65.01,65.18,63.02,63.05,63.05,"4,299,200"
"Apr 24, 2023",63.91,67.67,62.61,65.8,65.8,"12,934,600"
"Apr 21, 2023",65.5,65.77,63.77,63.98,63.98,"4,619,400"
"Apr 20, 2023",66.76,67.43,65.63,65.7,65.7,"3,399,900"
"Apr 19, 2023",66.5,68.36,66.38,67.75,67.75,"2,903,400"
"Apr 18, 2023",68.3,68.45,67.05,67.27,67.27,"2,548,900"
"Apr 17, 2023",68,69.2,67.5,67.62,67.62,"7,925,800"
"Apr 14, 2023",69.57,70.1,68.7,69.5,69.5,"3,706,900"
"Apr 13, 2023",67.74,70.89,67.74,70.18,70.18,"3,255,100"
"Apr 12, 2023",71.17,71.53,67.46,67.49,67.49,"2,906,500"
"Apr 11, 2023",68.87,70.8,68.25,70,70,"4,037,300"
"Apr 10, 2023",71.18,71.33,69.66,71.17,71.17,"2,137,000"
"Apr 6, 2023",70.71,72.1,69.56,71.85,71.85,"2,074,400"
"Apr 5, 2023",73.01,73.06,70.14,71.1,71.1,"3,576,900"
"Apr 4, 2023",74.15,74.41,72.89,73.64,73.64,"1,812,500"
"Apr 3, 2023",73.17,73.76,72.37,73.67,73.67,"2,304,700"
"Mar 31, 2023",72.48,74.33,72.13,73.84,73.84,"4,311,400"
"Mar 30, 2023",71.61,72.92,71.22,72.04,72.04,"2,833,900"
"Mar 29, 2023",69.72,71.07,69.6,70.6,70.6,"3,027,800"
"Mar 28, 2023",68.57,68.96,67.35,68.54,68.54,"2,073,300"
"Mar 27, 2023",69.69,70.2,67.85,68.57,68.57,"2,168,400"
"Mar 24, 2023",68.25,69.05,67.76,69.04,69.04,"1,718,600"
"Mar 23, 2023",69.44,70.73,68.71,69.19,69.19,"3,849,400"
"Mar 22, 2023",71.72,72.16,68.69,68.75,68.75,"2,821,100"
"Mar 21, 2023",69.72,71.89,69.18,71.85,71.85,"2,456,600"
"Mar 20, 2023",68.88,69.33,67.4,69.3,69.3,"3,578,300"
"Mar 17, 2023",70.55,70.6,68.57,69.19,69.19,"3,763,400"
"Mar 16, 2023",71.33,72.2,69.87,70.59,70.59,"4,268,500"
"Mar 15, 2023",68.1,71.2,68.1,71.03,71.03,"3,477,200"
"Mar 14, 2023",69.99,70.8,68.19,68.99,68.99,"2,299,400"
"Mar 13, 2023",66.33,69.95,65.62,68.67,68.67,"4,290,700"
"Mar 10, 2023",66.2,68.43,64.46,67.12,67.12,"5,660,700"
"Mar 9, 2023",68.81,69.71,67.14,67.62,67.62,"4,020,100"
"Mar 8, 2023",69.92,70.33,68.29,68.91,68.91,"2,775,800"
"Mar 7, 2023",71.64,73.05,69.47,69.65,69.65,"3,100,900"
"Mar 6, 2023",71.23,73.11,70.63,71.33,71.33,"3,246,200"
"Mar 3, 2023",69.13,71.4,68.93,70.81,70.81,"4,358,000"
"Mar 2, 2023",68.9,71.31,68.9,70.63,70.63,"4,088,700"
"Mar 1, 2023",74.2,75.8,69.35,69.62,69.62,"7,258,300"
"Feb 28, 2023",75.96,76.98,72.89,74.59,74.59,"18,552,100"
"Feb 27, 2023",74.9,75.37,73.2,73.72,73.72,"8,477,300"
"Feb 24, 2023",72.4,74.57,72.19,73.93,73.93,"3,062,800"
"Feb 23, 2023",74.37,75.04,72.66,74.57,74.57,"2,948,400"
"Feb 22, 2023",73.09,74.25,72.73,73.39,73.39,"4,489,400"
"Feb 21, 2023",74.02,75.15,72.27,72.47,72.47,"2,884,900"
"Feb 17, 2023",76.91,77.1,74.3,76.11,76.11,"3,002,100"
"Feb 16, 2023",78.59,80.43,77.56,77.91,77.91,"3,205,400"
"Feb 15, 2023",77.67,80.8,76.99,80.77,80.77,"2,336,200"
"Feb 14, 2023",75.63,77.99,74.25,77.9,77.9,"3,308,600"
"Feb 13, 2023",75.1,76.51,73.6,76.48,76.48,"2,941,300"
"Feb 10, 2023",75.76,75.87,72.87,74.21,74.21,"3,305,100"
"Feb 9, 2023",80.46,80.66,76.46,76.77,76.77,"4,015,900"
"Feb 8, 2023",83.53,84.44,79.18,79.35,79.35,"5,372,600"
"Feb 7, 2023",77.49,85.13,76.01,84.66,84.66,"14,656,800"
"Feb 6, 2023",77.88,79.23,76.33,77.07,77.07,"2,862,200"
"Feb 3, 2023",79.62,81.98,78.74,79.54,79.54,"3,488,200"
"Feb 2, 2023",80.23,84.42,79.51,82.84,82.84,"5,428,400"
"Feb 1, 2023",75.48,78.5,73.9,78.11,78.11,"3,161,100"
"Jan 31, 2023",73.5,75.02,73.36,75,75,"2,832,700"
"Jan 30, 2023",73.09,78.44,73.08,73.5,73.5,"7,108,400"
"Jan 27, 2023",71.04,74.54,70.79,74.15,74.15,"3,556,900"
"Jan 26, 2023",70.43,72.37,69.76,71.58,71.58,"2,670,000"
"Jan 25, 2023",68.11,69.36,66.06,68.89,68.89,"3,202,700"
"Jan 24, 2023",70.79,71.84,69.2,69.43,69.43,"2,227,900"
"Jan 23, 2023",69,71.51,68.25,70.97,70.97,"2,835,000"
"Jan 20, 2023",67.08,69.77,66.68,69.5,69.5,"2,838,600"
"Jan 19, 2023",66.29,67.86,66.25,66.83,66.83,"2,180,100"
"Jan 18, 2023",71,71.37,67.43,67.48,67.48,"3,085,800"
"Jan 17, 2023",69.5,70.2,67.78,69.87,69.87,"3,776,800"
"Jan 13, 2023",69.09,70.6,68.63,69.49,69.49,"2,344,200"
"Jan 12, 2023",69.83,70.03,67.63,69.91,69.91,"3,177,700"
"Jan 11, 2023",70.98,71.37,68.7,70.01,70.01,"3,343,500"
"Jan 10, 2023",69.54,71.24,69.53,70.86,70.86,"1,851,200"
"Jan 9, 2023",69.81,72.17,68.57,70.08,70.08,"3,403,000"
"Jan 6, 2023",65.97,69.9,65.6,69.51,69.51,"4,079,800"
"Jan 5, 2023",66.8,67.12,64.93,65.62,65.62,"2,040,100"
"Jan 4, 2023",67.62,68.01,65.88,67.65,67.65,"3,209,600"
"Jan 3, 2023",69.01,69.33,66.16,66.66,66.66,"2,797,600"
"Dec 30, 2022",66.55,67.82,66.36,67.74,67.74,"1,874,600"
"Dec 29, 2022",66.28,68.35,66.18,68,68,"2,135,300"
"Dec 28, 2022",65.25,66.85,64.77,65.36,65.36,"2,311,200"
"Dec 27, 2022",64.75,66.18,63.55,65.46,65.46,"3,581,800"
"Dec 23, 2022",65.61,66.66,65.01,65.89,65.89,"2,209,200"
"Dec 22, 2022",68.37,68.58,64.83,65.94,65.94,"4,180,100"
"Dec 21, 2022",68.71,70.96,67.88,69.93,69.93,"3,254,100"
"Dec 20, 2022",68.45,70.34,67.92,68.56,68.56,"2,936,000"
"Dec 19, 2022",69.41,70.25,68.85,69.09,69.09,"3,182,500"
"Dec 16, 2022",69.82,70.79,69.55,69.86,69.86,"4,695,600"
"Dec 15, 2022",71.68,72.31,69.81,70.2,70.2,"3,700,700"
"Dec 14, 2022",73.65,75.08,72.03,73.22,73.22,"3,570,300"
"Dec 13, 2022",77.53,79.38,73.01,74.05,74.05,"4,017,800"
"Dec 12, 2022",70.91,73.72,70.11,73.69,73.69,"2,836,900"
"Dec 9, 2022",72.33,73.74,71.85,72.16,72.16,"2,185,200"
"Dec 8, 2022",70.12,72.41,68.88,72.36,72.36,"3,056,300"
"Dec 7, 2022",71.25,71.46,69.74,69.87,69.87,"3,422,100"
"Dec 6, 2022",72.79,73,70.88,71.47,71.47,"2,661,100"
"Dec 5, 2022",74.26,75.22,72.54,72.9,72.9,"2,942,800"
"Dec 2, 2022",74.58,76.36,73.85,74.31,74.31,"3,296,300"
"Dec 1, 2022",75.89,81.69,75.86,77.43,77.43,"4,777,700"
"Nov 30, 2022",70.76,75.44,69.54,75.43,75.43,"6,213,800"
"Nov 29, 2022",71.66,72.62,70.29,70.57,70.57,"4,879,300"
"Nov 28, 2022",74.72,76.5,71.3,71.59,71.59,"6,245,400"
"Nov 25, 2022",75.31,76.99,74.83,75.4,75.4,"2,658,000"
"Nov 23, 2022",76.14,77.28,74.85,76.14,76.14,"4,938,100"
"Nov 22, 2022",75.18,77.44,71.9,77.15,77.15,"15,729,400"
"Nov 21, 2022",81.21,82.52,79.77,80.26,80.26,"7,234,000"
"Nov 18, 2022",83.34,83.61,80.14,81.64,81.64,"3,125,300"
"Nov 17, 2022",81.2,83.21,80.34,82.59,82.59,"2,284,100"
"Nov 16, 2022",85.06,85.23,83.13,83.5,83.5,"2,709,400"
"Nov 15, 2022",88.25,89.37,85.72,87.44,87.44,"2,776,500"
"Nov 14, 2022",86.72,87.99,84.21,84.35,84.35,"2,883,600"
"Nov 11, 2022",81.46,89.67,80.05,88.32,88.32,"5,906,400"
"Nov 10, 2022",76.87,82.35,76.75,82.23,82.23,"4,908,600"
"Nov 9, 2022",77.53,77.53,70.92,71.84,71.84,"6,019,800"
"Nov 8, 2022",80.22,81.93,78.01,78.31,78.31,"3,987,100"
"Nov 7, 2022",78.07,80.32,77.26,79.61,79.61,"3,317,800"
"Nov 4, 2022",79.44,79.74,75.83,77.46,77.46,"3,969,300"
"Nov 3, 2022",77.8,81.23,77.23,78.39,78.39,"3,156,400"
"Nov 2, 2022",83.28,84.36,78.59,78.6,78.6,"3,381,000"
"Nov 1, 2022",85.5,86.31,82.79,82.89,82.89,"1,834,900"
"Oct 31, 2022",83.69,84.57,82.34,83.44,83.44,"1,908,600"
"Oct 28, 2022",81.74,84.25,81.32,84.21,84.21,"2,370,800"
"Oct 27, 2022",83.68,85.03,82.47,82.61,82.61,"2,579,400"
"Oct 26, 2022",82.35,85.46,82.19,83.37,83.37,"2,599,700"
"Oct 25, 2022",81.54,84.13,81.46,84.09,84.09,"2,992,300"
"Oct 24, 2022",80.4,80.66,78.18,80.61,80.61,"2,731,600"
"Oct 21, 2022",79.64,81.1,77.6,80.98,80.98,"3,312,100"
"Oct 20, 2022",76.67,81.5,76.58,79.96,79.96,"4,156,900"
"Oct 19, 2022",77.52,78.04,75.59,76.33,76.33,"1,955,800"
"Oct 18, 2022",79.52,80.78,77.33,78.23,78.23,"3,539,400"
"Oct 17, 2022",75.06,77.43,74.51,76.69,76.69,"3,431,600"
"Oct 14, 2022",75.75,76.9,72.14,72.29,72.29,"2,830,800"
"Oct 13, 2022",71.65,75.42,71.65,74.73,74.73,"5,754,500"
"Oct 12, 2022",74.29,76.55,73.4,75.22,75.22,"3,941,000"
"Oct 11, 2022",71.46,74.55,70.43,73.71,73.71,"5,389,700"
"Oct 10, 2022",75.99,76.2,72.29,73.72,73.72,"4,777,500"
"Oct 7, 2022",75.64,78.33,75.36,76.59,76.59,"4,464,200"
"Oct 6, 2022",77.73,79,76.96,78.35,78.35,"2,185,800"
"Oct 5, 2022",75.58,77.87,74.96,77.52,77.52,"2,604,500"
"Oct 4, 2022",75.83,78.45,75.73,77.54,77.54,"4,703,000"
"Oct 3, 2022",73.91,74.87,71.69,73.94,73.94,"4,182,000"
"Sep 30, 2022",74.6,76.25,73.48,73.59,73.59,"3,539,700"
"Sep 29, 2022",74.27,75.22,73.6,74.47,74.47,"2,930,400"
"Sep 28, 2022",74.31,76.22,74.05,75.89,75.89,"2,856,700"
"Sep 27, 2022",74.9,75.99,72.96,74.26,74.26,"3,576,500"
"Sep 26, 2022",74.82,76.87,73.24,73.33,73.33,"3,068,800"
"Sep 23, 2022",74.16,74.95,73.32,74.45,74.45,"3,944,700"
"Sep 22, 2022",75,75.77,74.33,74.54,74.54,"4,116,200"
"Sep 21, 2022",77.83,78.83,75.32,75.94,75.94,"3,274,100"
"Sep 20, 2022",77.45,78.84,76.76,77.09,77.09,"3,157,800"
"Sep 19, 2022",78.06,79,76.75,78.32,78.32,"4,515,000"
"Sep 16, 2022",78.14,79.23,77.33,78.68,78.68,"6,150,700"
"Sep 15, 2022",78.64,81.97,78.26,80.21,80.21,"4,247,500"
"Sep 14, 2022",78.86,80.41,77.93,79.59,79.59,"4,196,500"
"Sep 13, 2022",80,80.15,78.62,78.86,78.86,"4,654,500"
"Sep 12, 2022",82.43,84.78,82.43,84.08,84.08,"3,928,900"
"Sep 9, 2022",81.59,83.7,81.54,82.62,82.62,"3,964,000"
"Sep 8, 2022",80.24,81.47,79.4,80.23,80.23,"3,674,700"
"Sep 7, 2022",79.96,81.36,79.34,81.02,81.02,"4,329,600"
"Sep 6, 2022",80.56,81.08,79.57,80.02,80.02,"3,576,100"
"Sep 2, 2022",82.01,83.31,80.05,80.79,80.79,"4,570,900"
"Sep 1, 2022",79.29,81.24,77.79,81.14,81.14,"6,795,400"
"Aug 31, 2022",82.97,83.47,79.34,80.4,80.4,"4,838,000"
"Aug 30, 2022",82,82.75,79.82,81.42,81.42,"4,142,500"
"Aug 29, 2022",80.37,82.95,80.12,81,81,"5,211,000"
"Aug 26, 2022",84.15,85.02,80.28,81.41,81.41,"5,927,400"
"Aug 25, 2022",83.6,85.76,82.43,85.72,85.72,"5,409,700"
"Aug 24, 2022",81.64,85.07,80.5,83.61,83.61,"11,133,300"
"Aug 23, 2022",84.56,87.59,81.13,81.32,81.32,"31,475,400"
"Aug 22, 2022",98.2,100.14,96.48,97.44,97.44,"8,274,100"
"Aug 19, 2022",100.9,102.15,98.8,99.5,99.5,"3,747,900"
"Aug 18, 2022",101.76,104.57,100.64,103.18,103.18,"3,091,700"
"Aug 17, 2022",106.22,107.35,102.02,102.38,102.38,"4,257,200"
"Aug 16, 2022",107.82,109.93,103.32,109.19,109.19,"7,520,100"
"Aug 15, 2022",109.41,113.79,108.35,113.23,113.23,"2,737,400"
"Aug 12, 2022",109.41,110.09,107.28,109.52,109.52,"2,488,900"
"Aug 11, 2022",114,114.99,107.24,108.06,108.06,"4,067,800"
"Aug 10, 2022",111.35,112.42,108.8,112.01,112.01,"3,756,600"
"Aug 9, 2022",111.78,112.8,104.91,105.29,105.29,"5,822,800"
"Aug 8, 2022",114.77,119.82,113.82,114.74,114.74,"2,832,500"
"Aug 5, 2022",110,114.32,108.74,113.85,113.85,"2,639,900"
"Aug 4, 2022",114.07,115,110.14,112.86,112.86,"2,149,800"
"Aug 3, 2022",109.31,114,109.22,112.97,112.97,"2,653,500"
"Aug 2, 2022",103.04,109.98,102.9,108.16,108.16,"2,519,900"
"Aug 1, 2022",103.38,107.92,101.85,105.39,105.39,"2,386,200"
"Jul 29, 2022",105.49,105.49,101.01,103.86,103.86,"3,975,900"
"Jul 28, 2022",104.46,106.9,100.81,106.22,106.22,"2,380,000"
"Jul 27, 2022",102.16,106.46,100.55,105.91,105.91,"3,182,800"
"Jul 26, 2022",105.03,105.13,100.01,100.33,100.33,"2,878,200"
"Jul 25, 2022",106.39,106.96,103.91,106.1,106.1,"2,039,800"
"Jul 22, 2022",111,112.95,105.69,106.55,106.55,"2,656,800"
"Jul 21, 2022",107.5,111.27,107.3,110.85,110.85,"2,982,100"
"Jul 20, 2022",103.49,109.87,103.38,107.09,107.09,"4,298,100"
"Jul 19, 2022",100.4,102.22,97.65,102.08,102.08,"2,829,500"
"Jul 18, 2022",101.98,102.18,98.49,98.92,98.92,"6,516,500"
"Jul 15, 2022",97.86,99.97,96.11,99.85,99.85,"4,714,400"
"Jul 14, 2022",101.35,101.44,96.84,97.35,97.35,"5,552,600"
"Jul 13, 2022",103.64,105.4,99.8,101.01,101.01,"7,903,000"
"Jul 12, 2022",109.79,113.6,106.91,107.99,107.99,"4,205,100"
"Jul 11, 2022",117.16,117.54,107.73,108.38,108.38,"5,461,800"
"Jul 8, 2022",118.62,124.05,117.66,119.8,119.8,"3,261,700"
"Jul 7, 2022",116.5,121.26,116.33,120.74,120.74,"3,036,600"
"Jul 6, 2022",120.68,123.96,116.57,117.06,117.06,"4,198,100"
"Jul 5, 2022",110.56,120.75,108.41,120.42,120.42,"5,310,000"
"Jul 1, 2022",108.77,111.98,106.83,110.97,110.97,"2,800,300"
"Jun 30, 2022",110,111,104.78,107.97,107.97,"4,249,600"
"Jun 29, 2022",112.93,113.72,110.04,111.87,111.87,"2,711,800"
"Jun 28, 2022",119.82,122.08,112.86,113.13,113.13,"3,692,500"
"Jun 27, 2022",122.48,123.73,117.68,119.82,119.82,"3,457,200"
"Jun 24, 2022",118.81,122.99,118.12,122.64,122.64,"12,212,800"
"Jun 23, 2022",116.24,118.4,110.67,117.67,117.67,"5,464,400"
"Jun 22, 2022",112.03,119.53,111.77,115.17,115.17,"5,481,800"
"Jun 21, 2022",112.15,117.37,110.86,113.82,113.82,"6,176,200"
"Jun 17, 2022",107.1,111.92,106.39,110,110,"6,143,400"
"Jun 16, 2022",108.1,109.65,104.15,106.09,106.09,"4,714,600"
"Jun 15, 2022",107.5,114.73,106.13,112.93,112.93,"5,954,500"
"Jun 14, 2022",103.9,109.85,103.78,106.86,106.86,"6,815,000"
"Jun 13, 2022",102.82,106.38,102.12,103.32,103.32,"7,183,900"
"Jun 10, 2022",106.93,110.99,106.12,109.07,109.07,"5,768,900"
"Jun 9, 2022",112.17,116.17,110.34,110.4,110.4,"4,302,600"
"Jun 8, 2022",115.4,116.9,113.16,115.46,115.46,"3,583,900"
"Jun 7, 2022",110.5,115.32,109.05,115.04,115.04,"3,951,900"
"Jun 6, 2022",112.33,112.91,108.51,111.01,111.01,"2,867,500"
"Jun 3, 2022",109.66,111.8,107.3,109.42,109.42,"3,882,100"
"Jun 2, 2022",107.43,114.08,107.03,112.24,112.24,"4,985,900"
"Jun 1, 2022",107.96,110.89,104.92,107.65,107.65,"4,700,800"
"May 31, 2022",112.64,112.87,105.58,107.45,107.45,"5,930,200"
"May 27, 2022",108,111.24,105.55,110.42,110.42,"7,097,100"
"May 26, 2022",101.89,108.17,101.77,107,107,"10,633,600"
"May 25, 2022",94.14,104.27,94,102.34,102.34,"13,892,000"
"May 24, 2022",94.56,97.09,87.33,94.34,94.34,"27,414,900"
"May 23, 2022",89.87,90.25,85.57,89.33,89.33,"11,240,300"
"May 20, 2022",92.62,94.85,85.55,89.74,89.74,"4,741,400"
"May 19, 2022",85.74,93.49,84.68,90.94,90.94,"4,746,900"
"May 18, 2022",88.68,91.11,84.04,84.69,84.69,"3,854,200"
"May 17, 2022",91.36,95.1,86.41,90.94,90.94,"4,208,800"
"May 16, 2022",93.43,95.83,88.66,88.92,88.92,"4,501,300"
"May 13, 2022",88.72,95.63,88.25,94.84,94.84,"5,687,600"
"May 12, 2022",81.13,87.79,79.03,84.97,84.97,"7,178,800"
"May 11, 2022",88.93,94.16,84.17,84.8,84.8,"6,182,600"
"May 10, 2022",95.6,98.07,87.34,90.68,90.68,"6,315,100"
"May 9, 2022",94.05,96.83,91.65,92.34,92.34,"5,766,300"
"May 6, 2022",100.49,102.03,94.01,96.38,96.38,"4,635,500"
"May 5, 2022",107.13,107.36,99.32,100.84,100.84,"3,661,600"
"May 4, 2022",103.96,109.34,99.3,108.98,108.98,"3,751,000"
"May 3, 2022",104.11,106.99,102.13,103.53,103.53,"2,103,200"
"May 2, 2022",99.15,105.08,98.17,104.79,104.79,"3,164,700"
"Apr 29, 2022",102.67,107.84,99.39,99.57,99.57,"3,609,000"
"Apr 28, 2022",98.1,103.92,95.72,102.56,102.56,"3,585,200"
"Apr 27, 2022",97.69,102.04,97.3,97.62,97.62,"3,522,700"
"Apr 26, 2022",100.75,101.68,96,98.36,98.36,"3,786,000"
"Apr 25, 2022",99.51,103.09,98.9,102.44,102.44,"2,724,200"
"Apr 22, 2022",101.15,104.99,99.3,100.17,100.17,"3,784,400"
"Apr 21, 2022",105.2,108.49,100.55,100.95,100.95,"4,395,300"
"Apr 20, 2022",109.53,109.91,103.4,103.7,103.7,"4,512,100"
"Apr 19, 2022",105.44,112.33,104.07,111.18,111.18,"3,289,400"
"Apr 18, 2022",109.73,109.93,103.62,105.74,105.74,"4,152,500"
"Apr 14, 2022",114.66,114.66,110.14,110.31,110.31,"4,499,600"
"Apr 13, 2022",106.3,115.82,105.16,114.89,114.89,"4,677,800"
"Apr 12, 2022",111.69,114.7,106.24,106.58,106.58,"3,249,600"
"Apr 11, 2022",107.91,111.11,106.41,109.05,109.05,"3,902,800"
"Apr 8, 2022",112.37,113.27,109.39,110.9,110.9,"3,953,300"
"Apr 7, 2022",115.14,118.12,111.33,114.32,114.32,"3,498,000"
"Apr 6, 2022",118.03,118.56,113.34,116.09,116.09,"5,161,500"
"Apr 5, 2022",123.92,126.44,120.43,122.02,122.02,"4,906,500"
"Apr 4, 2022",119.39,124.99,118.33,124.28,124.28,"3,077,400"
"Apr 1, 2022",117.56,120.5,116.11,118.02,118.02,"2,793,300"
"Mar 31, 2022",122.75,122.81,117.16,117.23,117.23,"2,903,100"
"Mar 30, 2022",124.26,127.37,121.23,122.39,122.39,"3,987,800"
"Mar 29, 2022",119.98,126.53,119.98,126.26,126.26,"4,757,100"
"Mar 28, 2022",114.87,118.31,113.63,117.45,117.45,"3,289,300"
"Mar 25, 2022",117.13,117.58,112.45,113.93,113.93,"4,209,400"
"Mar 24, 2022",117.35,117.78,113.97,117.75,117.75,"3,332,000"
"Mar 23, 2022",117.21,120.27,115.95,116.81,116.81,"3,443,300"
"Mar 22, 2022",116.01,122.24,115.4,119.8,119.8,"5,003,100"
"Mar 21, 2022",115.01,119.89,113.35,116.87,116.87,"5,941,500"
"Mar 18, 2022",109.49,117.84,109.21,116.28,116.28,"8,521,800"
"Mar 17, 2022",106.46,111.33,105,111.29,111.29,"4,967,500"
"Mar 16, 2022",100.55,106.88,100.17,106.84,106.84,"8,003,000"
"Mar 15, 2022",96.09,100.6,95.26,98.97,98.97,"7,001,700"
"Mar 14, 2022",97.5,102.16,94.51,94.64,94.64,"6,715,700"
"Mar 11, 2022",103.48,103.49,97.9,98.12,98.12,"6,454,600"
"Mar 10, 2022",105.83,106.9,101.06,103.33,103.33,"5,030,800"
"Mar 9, 2022",111.84,111.84,108.06,109.08,109.08,"6,427,500"
"Mar 8, 2022",106.67,114.29,105,108.49,108.49,"5,581,800"
"Mar 7, 2022",111.13,115.24,107.72,107.88,107.88,"6,240,200"
"Mar 4, 2022",114.1,116.19,108.43,108.94,108.94,"6,219,300"
"Mar 3, 2022",122,122.06,111.95,113.11,113.11,"6,211,500"
"Mar 2, 2022",122.25,122.89,114.52,121.61,121.61,"7,224,300"
"Mar 1, 2022",128.57,136,122.13,122.78,122.78,"11,541,600"
"Feb 28, 2022",126.79,135.09,125.1,132.6,132.6,"12,033,100"
"Feb 25, 2022",129.05,129.06,120.02,125.32,125.32,"5,242,600"
"Feb 24, 2022",114.74,128.74,114.26,126.97,126.97,"6,998,500"
"Feb 23, 2022",127.99,128.15,120.1,120.1,120.1,"4,634,700"
"Feb 22, 2022",125.06,130.73,124.98,126.61,126.61,"4,446,000"
"Feb 18, 2022",130.13,131.94,124.71,126.96,126.96,"5,435,000"
"Feb 17, 2022",137.63,137.74,128.93,129.38,129.38,"4,944,700"
"Feb 16, 2022",144.49,144.69,136.4,138.51,138.51,"3,928,900"
"Feb 15, 2022",144.44,147.15,141.1,146.9,146.9,"3,043,800"
"Feb 14, 2022",142.42,147.74,141.11,142.09,142.09,"2,538,900"
"Feb 11, 2022",146.96,150.48,140.16,141.24,141.24,"2,690,400"
"Feb 10, 2022",145.78,152.69,144.29,145.72,145.72,"3,348,800"
"Feb 9, 2022",146.49,149.81,143.9,149.6,149.6,"3,067,100"
"Feb 8, 2022",139.36,143.19,137.28,142.69,142.69,"2,565,100"
"Feb 7, 2022",144.59,147.48,139.78,141.44,141.44,"2,531,100"
"Feb 4, 2022",139.3,145.21,136.92,144.1,144.1,"3,457,900"
"Feb 3, 2022",144.07,146.45,137.35,137.94,137.94,"3,356,000"
"Feb 2, 2022",155.79,156.05,146.58,148.11,148.11,"3,063,400"
"Feb 1, 2022",155.23,155.95,150.07,155.68,155.68,"3,316,000"
"Jan 31, 2022",146.67,154.34,145.9,154.28,154.28,"4,960,900"
"Jan 28, 2022",137.58,143.89,134.7,143.81,143.81,"3,682,700"
"Jan 27, 2022",143.6,143.81,136.17,136.81,136.81,"3,572,600"
"Jan 26, 2022",150.03,152,138.89,140.33,140.33,"4,888,300"
"Jan 25, 2022",150,152.14,142.12,145.89,145.89,"5,122,200"
"Jan 24, 2022",141.68,153.24,138.91,152.95,152.95,"8,231,800"
"Jan 21, 2022",153.98,156.91,147.11,147.66,147.66,"5,722,600"
"Jan 20, 2022",159.55,163.48,155.65,155.81,155.81,"3,710,700"
"Jan 19, 2022",158.65,162.99,156.94,157.23,157.23,"3,305,200"
"Jan 18, 2022",156.32,162.98,156,157.7,157.7,"4,360,900"
"Jan 14, 2022",161.42,164.89,156.88,159.72,159.72,"4,700,700"
"Jan 13, 2022",170.1,170.39,162,162.1,162.1,"4,612,500"
"Jan 12, 2022",177,179.9,169.7,170.65,170.65,"2,704,300"
"Jan 11, 2022",172.15,178.88,169.45,175.97,175.97,"2,411,000"
"Jan 10, 2022",169.32,173.23,164.9,172.56,172.56,"3,502,300"
"Jan 7, 2022",176.05,180.67,170.72,171.6,171.6,"3,089,400"
"Jan 6, 2022",173.09,181.88,171.23,176.33,176.33,"4,002,500"
"Jan 5, 2022",175.98,183.67,174.29,174.88,174.88,"3,772,300"
"Jan 4, 2022",183.32,183.55,172.1,179.85,179.85,"5,269,800"
"Jan 3, 2022",184.44,184.91,177.24,184.26,184.26,"3,171,900"
"Dec 31, 2021",189.2,191.61,183.62,183.91,183.91,"2,817,400"
"Dec 30, 2021",182.32,192.91,180.84,190.52,190.52,"4,141,900"
"Dec 29, 2021",184,185.21,179.79,181.81,181.81,"2,565,700"
"Dec 28, 2021",186.6,190.63,183.09,183.77,183.77,"3,129,100"
"Dec 27, 2021",189.54,190.44,185.66,187.44,187.44,"3,068,500"
"Dec 23, 2021",191,193.41,186.65,191.65,191.65,"3,106,600"
"Dec 22, 2021",197.05,200.25,190.42,193.13,193.13,"2,865,900"
"Dec 21, 2021",199.04,200.53,191.67,199.42,199.42,"4,246,800"
"Dec 20, 2021",205,205.22,197.02,197.97,197.97,"7,774,100"
"Dec 17, 2021",184.12,201.69,183.35,199.74,199.74,"10,512,600"
"Dec 16, 2021",183.79,185.72,177,182.4,182.4,"4,224,400"
"Dec 15, 2021",181.13,185.46,174.66,183.73,183.73,"4,792,300"
"Dec 14, 2021",180.57,183.42,178.8,181.94,181.94,"3,511,200"
"Dec 13, 2021",181.86,188.97,181,184.57,184.57,"2,767,800"
"Dec 10, 2021",188.27,191.36,183.91,185.25,185.25,"2,174,600"
"Dec 9, 2021",195.16,198.51,185.65,188.27,188.27,"3,797,200"
"Dec 8, 2021",188.29,195.98,184.3,194.86,194.86,"3,320,800"
"Dec 7, 2021",187.85,190.87,185.58,189.06,189.06,"3,988,300"
"Dec 6, 2021",180.63,186.13,175.27,185.84,185.84,"4,157,900"
"Dec 3, 2021",187.73,187.83,177.12,183.92,183.92,"8,934,200"
"Dec 2, 2021",195.44,198.49,188.37,191.75,191.75,"6,610,800"
"Dec 1, 2021",211.42,211.5,196.27,197.71,197.71,"7,560,800"
"Nov 30, 2021",220.66,221.4,207.4,211.41,211.41,"5,916,200"
"Nov 29, 2021",216.43,219.36,208.46,218.98,218.98,"7,035,400"
"Nov 26, 2021",235.7,235.97,219.21,220.21,220.21,"10,808,600"
"Nov 24, 2021",203.9,211.5,202.02,208.3,208.3,"9,218,600"
"Nov 23, 2021",218.05,218.61,195.8,206.64,206.64,"25,297,500"
"Nov 22, 2021",249.26,251.7,238.2,242.28,242.28,"8,012,800"
"Nov 19, 2021",262.24,265.23,249.33,251.3,251.3,"3,877,500"
"Nov 18, 2021",260.88,263.5,254.58,255.75,255.75,"2,353,700"
"Nov 17, 2021",264,266.19,261.52,263.71,263.71,"2,417,300"
"Nov 16, 2021",263,268.88,261.21,264.49,264.49,"1,972,000"
"Nov 15, 2021",255,265.33,255,263.71,263.71,"3,994,900"
"Nov 12, 2021",248.38,255.14,245.53,254.97,254.97,"3,173,600"
"Nov 11, 2021",251.27,253.19,245.16,247.6,247.6,"3,286,200"
"Nov 10, 2021",257.01,259.47,249,251.26,251.26,"4,903,900"
"Nov 9, 2021",260.99,265.66,257.57,258.4,258.4,"3,022,500"
"Nov 8, 2021",262.65,263.18,257.94,259.9,259.9,"3,944,100"
"Nov 5, 2021",267.1,275.64,259.77,264.7,264.7,"5,421,000"
"Nov 4, 2021",286.22,291.31,280.73,282.2,282.2,"1,986,800"
"Nov 3, 2021",280.22,286.05,274.02,285.66,285.66,"2,435,800"
"Nov 2, 2021",281.1,286.45,276.27,280.29,280.29,"2,092,700"
"Nov 1, 2021",273.2,279.47,271.34,278.94,278.94,"2,773,200"
"Oct 29, 2021",272.02,276.61,271.6,274.65,274.65,"1,493,800"
"Oct 28, 2021",271.16,278.26,269.21,276.58,276.58,"1,594,800"
"Oct 27, 2021",278.94,282.48,272.25,272.81,272.81,"3,104,800"
"Oct 26, 2021",283.33,286.94,277.77,278.7,278.7,"2,422,000"
"Oct 25, 2021",276.04,282.98,275.72,279.79,279.79,"2,925,600"
"Oct 22, 2021",283.51,286.66,276.12,277.58,277.58,"3,320,500"
"Oct 21, 2021",273.64,278.14,272.6,274.78,274.78,"1,496,600"
"Oct 20, 2021",277.35,280.2,272.67,275.71,275.71,"1,740,700"
"Oct 19, 2021",274.53,279.81,273.83,276.4,276.4,"2,379,400"
"Oct 18, 2021",265.67,274.83,265.5,274.23,274.23,"2,649,200"
"Oct 15, 2021",267,267.98,264.25,266.32,266.32,"2,796,400"
"Oct 14, 2021",270.5,274,266.84,267.01,267.01,"3,063,900"
"Oct 13, 2021",257.74,268.28,257.3,266.24,266.24,"3,764,800"
"Oct 12, 2021",255.27,257.34,253.1,255.49,255.49,"3,061,100"
"Oct 11, 2021",252.18,258.41,252,253.97,253.97,"1,722,500"
"Oct 8, 2021",257.23,260.54,253.63,255.05,255.05,"2,265,300"
"Oct 7, 2021",254.43,258.48,253.81,256.27,256.27,"2,672,200"
"Oct 6, 2021",251.3,257.88,250.11,253.65,253.65,"3,905,500"
"Oct 5, 2021",259.84,262.74,256.85,257.12,257.12,"3,712,100"
"Oct 4, 2021",264.24,264.57,253.41,259.58,259.58,"5,004,600"
"Oct 1, 2021",268.77,274.57,262.7,267.51,267.51,"8,664,800"
"Sep 30, 2021",257.39,264.88,255.25,261.5,261.5,"4,733,100"
"Sep 29, 2021",262.32,266.86,256.88,257.41,257.41,"4,316,300"
"Sep 28, 2021",269.49,270.61,259.8,261.89,261.89,"5,212,900"
"Sep 27, 2021",269.49,275.24,266.11,272.88,272.88,"3,084,100"
"Sep 24, 2021",274.64,275.9,267.19,272.36,272.36,"4,051,700"
"Sep 23, 2021",279.91,280.36,275.45,276.19,276.19,"2,867,900"
"Sep 22, 2021",276.2,279.39,275.25,277.95,277.95,"2,973,700"
"Sep 21, 2021",281.03,281.17,275.07,278.24,278.24,"4,168,300"
"Sep 20, 2021",278.65,285,276.91,280.67,280.67,"3,905,300"
"Sep 17, 2021",279.79,287.78,278.37,287.68,287.68,"5,423,400"
"Sep 16, 2021",277.68,279.29,273.5,278.22,278.22,"4,676,300"
"Sep 15, 2021",282.33,283.07,277.02,279.12,279.12,"4,647,400"
"Sep 14, 2021",290.34,291.88,280.92,281.44,281.44,"6,036,800"
"Sep 13, 2021",300.16,300.27,289.82,290.24,290.24,"4,916,100"
"Sep 10, 2021",296.91,306.26,296.81,301.5,301.5,"6,094,900"
"Sep 9, 2021",292.16,297.57,291.13,295.86,295.86,"3,350,100"
"Sep 8, 2021",299.55,299.96,290.53,293.6,293.6,"3,934,400"
"Sep 7, 2021",298.3,300.98,294.8,299.96,299.96,"4,251,900"
"Sep 3, 2021",295.33,301.8,292.03,298.29,298.29,"6,127,900"
"Sep 2, 2021",292.8,296.69,290.41,295.09,295.09,"6,645,200"
"Sep 1, 2021",292.85,299.4,290.05,290.86,290.86,"14,996,000"
"Aug 31, 2021",294,295.87,288.3,289.5,289.5,"34,582,900"
"Aug 30, 2021",341.7,348.3,339.65,347.5,347.5,"10,094,400"
"Aug 27, 2021",343.88,344.78,337.65,340.81,340.81,"3,096,200"
"Aug 26, 2021",350.75,357.93,340.25,340.63,340.63,"4,849,000"
"Aug 25, 2021",341.64,344.05,336.79,337.74,337.74,"2,039,200"
"Aug 24, 2021",344.42,346.33,337.76,340.25,340.25,"1,778,100"
"Aug 23, 2021",338.23,342.49,336.79,341.3,341.3,"2,147,300"
"Aug 20, 2021",333.45,344.36,333.45,336.86,336.86,"2,356,200"
"Aug 19, 2021",336.24,337.99,331.45,332.38,332.38,"2,476,000"
"Aug 18, 2021",345.5,346.97,339.05,340.93,340.93,"2,092,700"
"Aug 17, 2021",345.5,349.46,341.3,345.54,345.54,"1,991,500"
"Aug 16, 2021",354.6,355,342.57,348.41,348.41,"2,405,500"
"Aug 13, 2021",362.22,363.39,353.59,355.24,355.24,"1,745,600"
"Aug 12, 2021",358.34,364.15,355.02,362.86,362.86,"2,063,300"
"Aug 11, 2021",374.92,375.98,352.74,358.56,358.56,"3,510,800"
"Aug 10, 2021",385.7,392.78,371.58,372.55,372.55,"2,806,500"
"Aug 9, 2021",384.93,385.5,378.2,383.34,383.34,"2,306,600"
"Aug 6, 2021",392.3,395,380.7,383.47,383.47,"3,092,000"
"Aug 5, 2021",395.73,404.35,391.82,398.68,398.68,"3,427,600"
"Aug 4, 2021",376.88,403,376.5,400.58,400.58,"5,563,800"
"Aug 3, 2021",378.13,385.62,371.59,374.88,374.88,"2,190,900"
"Aug 2, 2021",378,382.42,364,378.96,378.96,"3,163,600"
"Jul 30, 2021",380.51,392,377.53,378.1,378.1,"2,872,500"
"Jul 29, 2021",376.07,396.89,375,386.02,386.02,"6,662,100"
"Jul 28, 2021",368.48,374.14,364.23,369.49,369.49,"1,870,700"
"Jul 27, 2021",374.76,377.7,357.87,367.54,367.54,"3,080,000"
"Jul 26, 2021",366.48,375.83,362.5,373.14,373.14,"3,842,000"
"Jul 23, 2021",361.6,362.5,351,359.23,359.23,"2,874,300"
"Jul 22, 2021",357.03,367.1,356.21,361.39,361.39,"3,096,000"
"Jul 21, 2021",355.34,355.8,348.33,352.97,352.97,"2,953,400"
"Jul 20, 2021",357.83,359.24,347.08,355.81,355.81,"4,061,100"
"Jul 19, 2021",356.33,357.5,343.82,354.2,354.2,"7,787,600"
"Jul 16, 2021",359.87,365.5,354.34,361.97,361.97,"1,887,100"
"Jul 15, 2021",363.93,368.58,355.35,356.81,356.81,"2,399,700"
"Jul 14, 2021",380.8,381.31,360.45,360.61,360.61,"2,599,600"
"Jul 13, 2021",379.04,384.5,375.41,378.39,378.39,"1,757,400"
"Jul 12, 2021",385.41,390.88,378.27,379.12,379.12,"1,902,500"
"Jul 9, 2021",381.02,387.53,377.79,385.08,385.08,"1,918,200"
"Jul 8, 2021",386,390.5,377.5,386.01,386.01,"2,748,900"
"Jul 7, 2021",403.86,406.48,393.3,393.91,393.91,"2,026,600"
"Jul 6, 2021",392.58,403.47,391.56,401.12,401.12,"3,436,200"
"Jul 2, 2021",390.48,398.72,386.55,388.89,388.89,"2,065,000"
"Jul 1, 2021",386.12,390.11,382,386.48,386.48,"1,468,000"
"Jun 30, 2021",395,395.43,385.54,387.03,387.03,"2,249,400"
"Jun 29, 2021",388.85,395.44,382.77,394.73,394.73,"2,582,700"
"Jun 28, 2021",375.94,393.33,374.5,388.86,388.86,"3,459,900"
"Jun 25, 2021",374.07,374.08,364.08,372.47,372.47,"3,647,200"
"Jun 24, 2021",378.45,382.5,372.32,373.4,373.4,"2,438,900"
"Jun 23, 2021",375,382.71,373.99,376.92,376.92,"2,358,900"
"Jun 22, 2021",368.51,377,368.5,374.65,374.65,"1,999,000"
"Jun 21, 2021",368.78,372.62,363.29,369.25,369.25,"1,896,900"
"Jun 18, 2021",374.01,379.89,370.93,374.24,374.24,"4,569,100"
"Jun 17, 2021",358.2,374.52,358.2,372.95,372.95,"3,416,600"
"Jun 16, 2021",357.82,366.83,355.41,361.83,361.83,"2,669,200"
"Jun 15, 2021",364.5,364.5,357.05,359,359,"2,587,900"
"Jun 14, 2021",361.87,369.58,359.4,365.91,365.91,"3,444,300"
"Jun 11, 2021",347.64,367.96,345.1,366.4,366.4,"6,783,400"
"Jun 10, 2021",332.05,346.88,331,346.5,346.5,"2,809,200"
"Jun 9, 2021",330.63,340.34,330.23,333.63,333.63,"2,721,200"
"Jun 8, 2021",343,350.15,339.22,341.26,341.26,"2,842,700"
"Jun 7, 2021",332.67,344.93,331.12,342.66,342.66,"4,538,700"
"Jun 4, 2021",321.59,338.99,319.77,336,336,"5,604,900"
"Jun 3, 2021",320.11,325.83,318.25,319.01,319.01,"3,107,300"
"Jun 2, 2021",331.88,333.79,322.21,327.11,327.11,"6,252,100"
"Jun 1, 2021",333.33,336.14,321.7,327.72,327.72,"6,607,100"
"May 28, 2021",330.51,336.33,329.63,331.53,331.53,"2,745,700"
"May 27, 2021",324.11,331,317.55,326.43,326.43,"3,622,100"
"May 26, 2021",324.3,329.46,323.24,326.05,326.05,"2,374,300"
"May 25, 2021",322.71,325.51,316.08,321.28,321.28,"2,160,100"
"May 24, 2021",318.52,324.03,316.5,321.56,321.56,"1,855,000"
"May 21, 2021",328.21,329.45,316.06,316.4,316.4,"2,057,300"
"May 20, 2021",314.25,325.95,313.03,324.71,324.71,"3,029,400"
"May 19, 2021",301.58,311.51,299,310.46,310.46,"1,728,400"
"May 18, 2021",309.41,322.25,304.97,312.86,312.86,"3,311,900"
"May 17, 2021",304.83,311.91,301.93,308.93,308.93,"2,905,600"
"May 14, 2021",292.15,309.18,292.15,307.89,307.89,"4,357,300"
"May 13, 2021",293.98,296.61,275.8,290.16,290.16,"4,608,500"
"May 12, 2021",291.05,296.53,282.4,289.7,289.7,"3,419,800"
"May 11, 2021",273.91,302,273.2,300.25,300.25,"4,084,400"
"May 10, 2021",293.01,293.94,286.04,288.49,288.49,"2,507,800"
"May 7, 2021",295.44,304.7,292.71,295.24,295.24,"2,446,200"
"May 6, 2021",295.2,295.2,285.61,293.05,293.05,"3,369,100"
"May 5, 2021",306.53,310.98,294.5,297.59,297.59,"2,582,600"
"May 4, 2021",310.96,311.5,298.77,304.85,304.85,"3,727,600"
"May 3, 2021",320.24,321.13,311.53,313.92,313.92,"2,253,000"
"Apr 30, 2021",318.03,326.28,317.24,319.57,319.57,"2,152,500"
"Apr 29, 2021",331.16,332.5,318.89,321.1,321.1,"3,121,100"
"Apr 28, 2021",330.24,334.7,326.05,331.25,331.25,"1,437,600"
"Apr 27, 2021",336.39,341.68,330.89,333.49,333.49,"2,208,300"
"Apr 26, 2021",337.51,338,329.21,336.42,336.42,"2,286,700"
"Apr 23, 2021",331.49,338.55,328.24,336.88,336.88,"2,454,300"
"Apr 22, 2021",322.67,338.05,322.67,328.32,328.32,"3,328,300"
"Apr 21, 2021",317.01,323.11,313.5,322.76,322.76,"1,917,500"
"Apr 20, 2021",326.73,327.55,316.36,321.78,321.78,"2,282,500"
"Apr 19, 2021",327.52,337.8,320.5,324.33,324.33,"3,131,900"
"Apr 16, 2021",330.27,333.75,326.87,329.95,329.95,"2,476,500"
"Apr 15, 2021",334.14,338.42,327.46,332.38,332.38,"3,360,700"
"Apr 14, 2021",344.72,345.02,328.63,329.2,329.2,"2,844,900"
"Apr 13, 2021",327.36,343.71,325.5,342.75,342.75,"5,298,200"
"Apr 12, 2021",318.1,322.38,315.19,321.51,321.51,"2,964,500"
"Apr 9, 2021",329.1,329.82,319.42,322.65,322.65,"3,216,500"
"Apr 8, 2021",326.85,333.99,326,331.28,331.28,"2,821,500"
"Apr 7, 2021",329.11,333.44,319.23,323.08,323.08,"4,197,700"
"Apr 6, 2021",323.75,332.66,321.66,329.79,329.79,"3,767,100"
"Apr 5, 2021",327.83,328.5,313.1,323.96,323.96,"3,024,700"
"Apr 1, 2021",325.98,338.91,325.5,326.23,326.23,"2,853,900"
"Mar 31, 2021",315.23,325.74,311.13,321.29,321.29,"2,773,200"
"Mar 30, 2021",305,314.88,302.32,313.19,313.19,"2,837,100"
"Mar 29, 2021",317.07,322.97,305.78,308.39,308.39,"3,041,400"
"Mar 26, 2021",312.89,320,306.75,319.95,319.95,"3,219,800"
"Mar 25, 2021",310.95,320.63,308.31,314.85,314.85,"3,564,800"
"Mar 24, 2021",338.67,339.99,314.35,314.96,314.96,"4,924,500"
"Mar 23, 2021",330,347.4,329.35,339.76,339.76,"5,723,800"
"Mar 22, 2021",329.45,333.89,327.01,328.5,328.5,"2,947,900"
"Mar 19, 2021",316.83,327.98,313.63,326.26,326.26,"4,981,400"
"Mar 18, 2021",330,330.33,316,316.32,316.32,"5,434,400"
"Mar 17, 2021",328.57,340.54,322.66,336.65,336.65,"3,593,200"
"Mar 16, 2021",351.99,355.49,333.69,335.08,335.08,"3,333,200"
"Mar 15, 2021",347.08,351.56,343.5,350,350,"1,988,200"
"Mar 12, 2021",342.01,350.44,338.43,346.39,346.39,"2,960,800"
"Mar 11, 2021",347.99,357.4,338.8,355.17,355.17,"3,915,400"
"Mar 10, 2021",347.99,355.69,333.01,336.03,336.03,"4,730,000"
"Mar 9, 2021",331.95,343.58,320.8,342.11,342.11,"5,705,200"
"Mar 8, 2021",334.99,339.35,309,310.93,310.93,"6,899,100"
"Mar 5, 2021",345.39,347.75,314.38,337.43,337.43,"8,255,500"
"Mar 4, 2021",347.8,358.3,333,343.09,343.09,"10,328,100"
"Mar 3, 2021",383,383.25,339,341.57,341.57,"15,526,000"
"Mar 2, 2021",439.6,440,371.82,372.79,372.79,"18,156,600"
"Mar 1, 2021",388.66,416.2,387.01,409.66,409.66,"10,044,700"
"Feb 26, 2021",367.95,377.09,356.17,373.61,373.61,"4,702,400"
"Feb 25, 2021",383.78,387.65,361.01,364.73,364.73,"4,585,100"
"Feb 24, 2021",383.13,388.67,375.62,385.23,385.23,"3,442,400"
"Feb 23, 2021",371.01,389.99,351.81,388.16,388.16,"5,558,200"
"Feb 22, 2021",408.5,411.72,390.6,394.34,394.34,"4,340,300"
"Feb 19, 2021",419.22,425.99,414.5,417.26,417.26,"2,195,000"
"Feb 18, 2021",426.75,428.88,414,417.91,417.91,"2,645,300"
"Feb 17, 2021",440.02,441.2,418.25,429.42,429.42,"4,006,500"
"Feb 16, 2021",438.8,451.77,436.7,444.51,444.51,"4,249,200"
"Feb 12, 2021",431.52,435,423.13,433.11,433.11,"2,077,800"
"Feb 11, 2021",433.99,443.75,429.51,432.77,432.77,"3,502,600"
"Feb 10, 2021",431.89,441.22,416.14,431,431,"4,738,300"
"Feb 9, 2021",411.7,434.67,410.31,430.03,430.03,"5,115,400"
"Feb 8, 2021",420.74,422,406.5,410.81,410.81,"3,731,500"
"Feb 5, 2021",387.86,420,387.86,419.59,419.59,"9,759,100"
"Feb 4, 2021",383.5,390,376.87,389.98,389.98,"2,528,100"
"Feb 3, 2021",395.79,395.79,379,380.47,380.47,"3,433,100"
"Feb 2, 2021",384.5,394.89,378.68,391.84,391.84,"3,780,100"
"Feb 1, 2021",369,382.78,368.13,381.93,381.93,"3,443,900"
"Jan 29, 2021",379,385.91,358.62,372.07,372.07,"3,959,000"
"Jan 28, 2021",368,383.31,363.86,378.59,378.59,"3,374,200"
"Jan 27, 2021",367.5,384.25,362.77,370.74,370.74,"4,557,500"
"Jan 26, 2021",391.08,395.82,372.2,374.39,374.39,"5,151,300"
"Jan 25, 2021",388.99,398.8,378.27,391.83,391.83,"5,178,100"
"Jan 22, 2021",380.99,385.29,376.38,383.4,383.4,"2,791,600"
"Jan 21, 2021",383.03,387.21,372.03,382.81,382.81,"5,180,800"
"Jan 20, 2021",399.11,399.53,378.32,382.8,382.8,"5,713,900"
"Jan 19, 2021",391.01,396.77,385.51,393.87,393.87,"5,709,400"
"Jan 15, 2021",397.71,404.44,382.07,384.53,384.53,"12,799,500"
"Jan 14, 2021",371,384.95,370.5,383.24,383.24,"9,311,000"
"Jan 13, 2021",360,384.23,348.65,364.63,364.63,"14,056,500"
"Jan 12, 2021",333.2,358.9,331.1,356.81,356.81,"8,934,400"
"Jan 11, 2021",344.98,349.96,336.85,337.71,337.71,"3,360,400"
"Jan 8, 2021",345.2,350,340.34,349.61,349.61,"5,009,200"
"Jan 7, 2021",346,354.48,341.6,342.5,342.5,"5,601,200"
"Jan 6, 2021",351,352.94,341.92,344.41,344.41,"7,124,600"
"Jan 5, 2021",360.39,365.01,349,360.83,360.83,"4,983,500"
"Jan 4, 2021",340.4,363.09,339.2,359.98,359.98,"8,598,300"
"Dec 31, 2020",351.77,351.83,336.1,337.32,337.32,"6,559,700"
"Dec 30, 2020",358.42,358.7,345.4,353.4,353.4,"5,474,500"
"Dec 29, 2020",350.66,359.91,350.13,353.75,353.75,"6,080,300"
"Dec 28, 2020",370.4,373.28,349.02,351.39,351.39,"9,454,800"
"Dec 24, 2020",383.88,384.88,375,375.17,375.17,"3,850,700"
"Dec 23, 2020",402,402.6,378.58,383.88,383.88,"9,554,400"
"Dec 22, 2020",408.5,413.5,396.5,409,409,"4,211,000"
"Dec 21, 2020",418.07,427.76,404.58,408.97,408.97,"8,557,400"
"Dec 18, 2020",403.8,408.11,398.25,406.01,406.01,"6,174,800"
"Dec 17, 2020",408.72,409.03,399.56,401.62,401.62,"3,792,500"
"Dec 16, 2020",400.49,406.56,393.46,404,404,"4,158,500"
"Dec 15, 2020",398.51,410.32,395.08,399.43,399.43,"5,144,700"
"Dec 14, 2020",388.95,396.75,376.68,395.99,395.99,"6,820,100"
"Dec 11, 2020",395.35,397.34,384.61,397.01,397.01,"4,677,400"
"Dec 10, 2020",382.73,399,380.27,397.96,397.96,"4,572,100"
"Dec 9, 2020",406.75,409.99,381.5,385.36,385.36,"8,956,700"
"Dec 8, 2020",408.87,419.5,406.75,412,412,"5,319,400"
"Dec 7, 2020",411,416.8,405.45,407.85,407.85,"4,427,300"
"Dec 4, 2020",409.26,418.88,408.19,410.01,410.01,"4,447,300"
"Dec 3, 2020",413,419.17,405.02,413.54,413.54,"6,306,700"
"Dec 2, 2020",399,424.55,394.57,412.86,412.86,"10,962,800"
"Dec 1, 2020",434.72,434.99,401.72,406.31,406.31,"20,837,500"
"Nov 30, 2020",485.7,486.83,460,478.36,478.36,"16,646,500"
"Nov 27, 2020",453.99,472.04,449,471.61,471.61,"7,276,400"
"Nov 25, 2020",435.85,448.48,433.33,443.72,443.72,"8,763,700"
"Nov 24, 2020",421.51,438.83,420.01,427.55,427.55,"6,148,400"
"Nov 23, 2020",432.01,436.51,417.88,430.28,430.28,"8,486,000"
"Nov 20, 2020",418.55,445.3,415.56,439.6,439.6,"12,586,600"
"Nov 19, 2020",408.99,427.89,407.5,414.29,414.29,"8,007,000"
"Nov 18, 2020",399,423.5,390.22,415.04,415.04,"10,974,200"
"Nov 17, 2020",406.29,411.5,396.32,401.63,401.63,"6,972,100"
"Nov 16, 2020",382.6,400.8,375.1,399.15,399.15,"12,054,400"
"Nov 13, 2020",425.99,428.47,396.87,403.58,403.58,"11,732,200"
"Nov 12, 2020",427.85,435.75,419.61,428.64,428.64,"14,910,000"
"Nov 11, 2020",391.65,419.8,385,413.34,413.34,"16,691,100"
"Nov 10, 2020",412.5,414.45,366.28,376.01,376.01,"20,751,900"
"Nov 9, 2020",433,446.47,402,413.24,413.24,"18,033,500"
"Nov 6, 2020",494.66,505.88,482.73,500.11,500.11,"4,266,000"
"Nov 5, 2020",497.99,499.35,480.76,496.73,496.73,"6,379,900"
"Nov 4, 2020",471.92,484.94,455.4,483.7,483.7,"8,048,500"
"Nov 3, 2020",456.33,461.88,445.01,451.51,451.51,"6,497,000"
"Nov 2, 2020",462.29,477,440,453,453,"8,051,900"
"Oct 30, 2020",481.5,495.95,457.02,460.91,460.91,"8,697,800"
"Oct 29, 2020",521.19,525.46,483.5,489.68,489.68,"9,207,600"
"Oct 28, 2020",549.5,553.86,511.5,516.01,516.01,"8,810,100"
"Oct 27, 2020",525.22,540,513.3,538.99,538.99,"7,227,600"
"Oct 26, 2020",520.49,541.1,510.31,517.79,517.79,"10,080,800"
"Oct 23, 2020",522.33,527,505.41,511.52,511.52,"5,377,100"
"Oct 22, 2020",521.78,530.43,503.47,520.54,520.54,"8,100,900"
"Oct 21, 2020",535.88,551.66,511.78,513.19,513.19,"9,215,400"
"Oct 20, 2020",572.33,575.69,534.59,537.02,537.02,"12,098,200"
"Oct 19, 2020",572.5,588.84,562.55,568.34,568.34,"15,193,200"
"Oct 16, 2020",544,565.45,543.25,559,559,"13,745,800"
"Oct 15, 2020",509.08,540.05,506.5,536.4,536.4,"16,520,600"
"Oct 14, 2020",518.78,519.8,498.6,509.25,509.25,"8,308,900"
"Oct 13, 2020",494,520,493,518.79,518.79,"8,941,500"
"Oct 12, 2020",501.43,506.11,490.48,491.54,491.54,"6,979,500"
"Oct 9, 2020",487.99,498.9,484.08,492.41,492.41,"8,719,700"
"Oct 8, 2020",484,489.49,475.58,478.55,478.55,"4,193,100"
"Oct 7, 2020",482.5,487.5,477.11,480.61,480.61,"4,449,500"
"Oct 6, 2020",480.51,487.9,473.22,478.25,478.25,"6,097,700"
"Oct 5, 2020",493.97,496.9,475.26,485.37,485.37,"7,534,700"
"Oct 2, 2020",485.01,507.49,481,482.23,482.23,"12,791,700"
"Oct 1, 2020",477,483.73,465,482.99,482.99,"7,859,300"
"Sep 30, 2020",464.21,481.55,462,470.11,470.11,"8,971,100"
"Sep 29, 2020",488.13,489.8,463,465.5,465.5,"15,211,300"
"Sep 28, 2020",502.41,519.77,479.57,487.66,487.66,"17,621,300"
"Sep 25, 2020",474.87,500,474.87,496.5,496.5,"12,906,800"
"Sep 24, 2020",487.01,502.25,457.69,464.98,464.98,"17,896,600"
"Sep 23, 2020",489.49,529.74,483.25,500.53,500.53,"27,051,300"
"Sep 22, 2020",477,494.9,458.75,492.6,492.6,"16,440,600"
"Sep 21, 2020",434,470,434,468.47,468.47,"16,843,800"
"Sep 18, 2020",419.8,442,407.5,438.73,438.73,"22,315,700"
"Sep 17, 2020",389,417.82,387,413.13,413.13,"9,260,400"
"Sep 16, 2020",406.27,419.42,404.22,408.17,408.17,"6,739,800"
"Sep 15, 2020",410,413.5,391.05,410.94,410.94,"8,495,600"
"Sep 14, 2020",391.74,404.36,386.13,403.51,403.51,"7,963,100"
"Sep 11, 2020",389.13,400.75,373.05,383,383,"9,297,600"
"Sep 10, 2020",400,407.82,378.36,384.48,384.48,"11,932,100"
"Sep 9, 2020",369.75,394.8,362.12,389.65,389.65,"17,325,800"
"Sep 8, 2020",350.7,365.5,345.68,350.88,350.88,"7,966,500"
"Sep 4, 2020",375.5,386.01,346.76,369.89,369.89,"13,230,100"
"Sep 3, 2020",399.55,409.9,367,381.32,381.32,"20,304,300"
"Sep 2, 2020",445.67,445.67,410,423.56,423.56,"18,866,800"
"Sep 1, 2020",439.51,478,410.68,457.69,457.69,"53,226,200"
"Aug 31, 2020",304.01,325.9,301.27,325.1,325.1,"23,468,100"
"Aug 28, 2020",299.22,303.58,297.26,299.27,299.27,"5,342,300"
"Aug 27, 2020",295.69,301.52,290.33,294.68,294.68,"5,560,600"
"Aug 26, 2020",293,302,290.85,295.27,295.27,"5,692,100"
"Aug 25, 2020",279,293.72,275.81,290.44,290.44,"4,602,900"
"Aug 24, 2020",293,293.87,274.11,282.28,282.28,"6,463,500"
"Aug 21, 2020",291,295.97,286.94,289.68,289.68,"5,250,100"
"Aug 20, 2020",274.45,290.88,273.99,290.69,290.69,"9,318,400"
"Aug 19, 2020",274.68,279.59,270.32,273.51,273.51,"4,674,000"
"Aug 18, 2020",271.72,277.78,265.5,276.8,276.8,"6,517,000"
"Aug 17, 2020",248.7,267.94,248.51,266.15,266.15,"8,959,200"
"Aug 14, 2020",249.44,252.43,242.4,244.91,244.91,"3,662,800"
"Aug 13, 2020",238.15,250.1,238.15,247.25,247.25,"4,749,700"
"Aug 12, 2020",232.3,239.4,230.75,236.72,236.72,"3,924,600"
"Aug 11, 2020",245.48,245.48,230,231.04,231.04,"9,730,500"
"Aug 10, 2020",259.14,261.44,244.54,250,250,"5,714,000"
"Aug 7, 2020",266.45,268,252.79,258.73,258.73,"5,024,700"
"Aug 6, 2020",273.87,274.48,263.91,268.25,268.25,"3,602,900"
"Aug 5, 2020",266.29,275.09,262.52,272.9,272.9,"4,514,900"
"Aug 4, 2020",268,269.19,262,267.34,267.34,"3,087,300"
"Aug 3, 2020",256.83,271.1,256.11,268,268,"6,779,300"
"Jul 31, 2020",253.5,255.2,248.36,253.91,253.91,"3,378,800"
"Jul 30, 2020",250.31,256.33,239.32,250,250,"7,926,100"
"Jul 29, 2020",255.55,259.93,251.15,252.39,252.39,"3,333,700"
"Jul 28, 2020",252.7,258.91,251.32,252.18,252.18,"3,366,200"
"Jul 27, 2020",249.28,252.97,246.22,252.33,252.33,"3,328,600"
"Jul 24, 2020",246.2,250.21,237.2,246.56,246.56,"4,303,200"
"Jul 23, 2020",260.84,264.9,249.21,251.5,251.5,"4,589,400"
"Jul 22, 2020",261.95,265.4,255.81,261.18,261.18,"4,581,600"
"Jul 21, 2020",268.75,269.75,258.2,260.44,260.44,"4,756,600"
"Jul 20, 2020",246.49,271.35,245.99,268.58,268.58,"9,784,900"
"Jul 17, 2020",247.17,250.94,241.29,246.54,246.54,"4,626,600"
"Jul 16, 2020",250.39,253,243.43,248.54,248.54,"5,420,100"
"Jul 15, 2020",253.7,257.5,248.12,256.22,256.22,"6,073,600"
"Jul 14, 2020",260.96,265.33,240.45,260.01,260.01,"8,713,100"
"Jul 13, 2020",278.63,281,256.34,260.3,260.3,"9,293,000"
"Jul 10, 2020",271.77,278.16,268.64,275.87,275.87,"6,354,800"
"Jul 9, 2020",269.01,272.7,264.22,269.52,269.52,"5,396,000"
"Jul 8, 2020",263.8,268.53,261.29,266.32,266.32,"6,012,900"
"Jul 7, 2020",261.55,266.45,258.1,262.1,262.1,"7,819,700"
"Jul 6, 2020",265,275.08,259.32,261,261,"12,250,200"
"Jul 2, 2020",261,263.8,258,261.74,261.74,"5,629,000"
"Jul 1, 2020",251.35,261,247.21,259.13,259.13,"6,803,300"
"Jun 30, 2020",249.87,256.83,248.35,253.54,253.54,"6,305,500"
"Jun 29, 2020",254.97,255.9,243.59,248.56,248.56,"8,436,400"
"Jun 26, 2020",260.52,261.62,250.36,256.8,256.8,"17,142,900"
"Jun 25, 2020",258.23,260.29,252.66,259.51,259.51,"7,490,500"
"Jun 24, 2020",254.5,258.75,248.6,255.9,255.9,"9,862,800"
"Jun 23, 2020",251.26,254.77,247.57,252.81,252.81,"8,791,500"
"Jun 22, 2020",247.46,254.9,247.29,251.27,251.27,"11,093,700"
"Jun 19, 2020",241.64,243.57,238.7,243.48,243.48,"10,077,500"
"Jun 18, 2020",240.39,242.61,238.22,241.57,241.57,"9,340,900"
"Jun 17, 2020",243.18,243.88,235.12,236.76,236.76,"11,704,300"
"Jun 16, 2020",235.99,243.5,231.82,242.56,242.56,"11,333,300"
"Jun 15, 2020",227.84,239.59,226.38,239.02,239.02,"13,959,100"
"Jun 12, 2020",224.79,231.45,216.75,219.52,219.52,"8,780,400"
"Jun 11, 2020",219.18,232,218.5,222.07,222.07,"17,615,800"
"Jun 10, 2020",208.89,221.53,208.26,221.02,221.02,"12,241,100"
"Jun 9, 2020",209.83,210.59,202.93,205.43,205.43,"7,521,800"
"Jun 8, 2020",204.35,211.44,198.66,209.83,209.83,"10,457,500"
"Jun 5, 2020",200.11,208.94,196.1,207.6,207.6,"16,298,700"
"Jun 4, 2020",221,223,207.6,210.35,210.35,"20,212,600"
"Jun 3, 2020",211.7,224.46,202.32,223.87,223.87,"32,390,100"
"Jun 2, 2020",210.25,212.69,197.32,208.08,208.08,"36,853,400"
"Jun 1, 2020",183.18,205.87,183,204.15,204.15,"24,394,400"
"May 29, 2020",168,179.99,167.86,179.48,179.48,"15,219,600"
"May 28, 2020",159.23,169.4,159.2,163.55,163.55,"6,386,800"
"May 27, 2020",158.01,162.22,149.16,161.97,161.97,"10,076,700"
"May 26, 2020",169.1,169.69,163.12,164,164,"6,689,700"
"May 22, 2020",171.86,175.89,170.2,171.06,171.06,"4,302,200"
"May 21, 2020",175.96,177.8,168.36,172.03,172.03,"5,525,300"
"May 20, 2020",173.53,175.64,170.53,175.48,175.48,"6,910,000"
"May 19, 2020",167,173.86,166.21,173.68,173.68,"8,485,500"
"May 18, 2020",170.03,173.44,162.64,164.69,164.69,"9,608,300"
"May 15, 2020",166.75,175.44,166.56,174.83,174.83,"8,540,500"
"May 14, 2020",168.26,170.8,162.89,167.91,167.91,"6,730,500"
"May 13, 2020",163.61,171.5,159.17,167.14,167.14,"11,081,300"
"May 12, 2020",168,168.23,160.05,161.04,161.04,"7,102,600"
"May 11, 2020",159.43,168,158,166.48,166.48,"10,142,700"
"May 8, 2020",160,161.16,152.71,155.4,155.4,"7,071,800"
"May 7, 2020",154.84,162,154.04,157.8,157.8,"8,388,900"
"May 6, 2020",145.47,150.74,144.09,149.59,149.59,"6,031,100"
"May 5, 2020",144.43,148.44,140.86,144.82,144.82,"7,376,300"
"May 4, 2020",140.77,144.98,140.45,143.44,143.44,"9,184,700"
"May 1, 2020",136,141.63,132.67,138.56,138.56,"13,807,000"
"Apr 30, 2020",139.99,143.8,133.68,135.17,135.17,"16,682,300"
"Apr 29, 2020",147.98,151,143.38,146.48,146.48,"22,033,300"
"Apr 28, 2020",165,166,155.25,156.72,156.72,"13,477,800"
"Apr 27, 2020",156.59,167.85,155,164.6,164.6,"19,783,700"
"Apr 24, 2020",177.15,181.5,158.3,158.8,158.8,"43,814,100"
"Apr 23, 2020",154.01,169.75,153.49,169.09,169.09,"22,159,800"
"Apr 22, 2020",147.1,152.28,145.1,150.25,150.25,"6,520,700"
"Apr 21, 2020",151.42,154.75,138.36,143.27,143.27,"9,709,100"
"Apr 20, 2020",153.3,155,148.25,148.99,148.99,"11,218,700"
"Apr 17, 2020",147.91,153.79,144.03,150.06,150.06,"11,328,400"
"Apr 16, 2020",149.92,154.25,146.8,150.26,150.26,"15,138,200"
"Apr 15, 2020",141.71,152.57,140,151.56,151.56,"14,193,300"
"Apr 14, 2020",141.07,145.2,139.01,141.89,141.89,"11,679,900"
"Apr 13, 2020",127,136.86,125.6,135.92,135.92,"15,411,700"
"Apr 9, 2020",117.8,125.5,114,124.51,124.51,"15,513,000"
"Apr 8, 2020",115.02,125.88,112.5,117.81,117.81,"26,243,300"
"Apr 7, 2020",118,118.44,109.57,113.75,113.75,"20,166,200"
"Apr 6, 2020",113.63,125.18,108.53,122.94,122.94,"25,378,900"
"Apr 3, 2020",124.3,128.48,120.11,128.2,128.2,"12,238,100"
"Apr 2, 2020",125.3,133.49,114.5,121.93,121.93,"27,313,800"
"Apr 1, 2020",144.5,144.6,135.18,137,137,"11,453,300"
"Mar 31, 2020",147.02,149.79,143.36,146.12,146.12,"10,023,700"
"Mar 30, 2020",160.76,161.69,147.2,150.88,150.88,"15,762,200"
"Mar 27, 2020",145.7,154.97,145.6,151.7,151.7,"13,271,900"
"Mar 26, 2020",140.51,146.65,138.2,141.15,141.15,"9,252,700"
"Mar 25, 2020",140.1,149,136.2,138.11,138.11,"14,743,000"
"Mar 24, 2020",154,155,133.88,135.18,135.18,"22,401,300"
"Mar 23, 2020",142,164.94,137.25,159.56,159.56,"27,681,500"
"Mar 20, 2020",129,135.98,124,130.55,130.55,"13,872,600"
"Mar 19, 2020",122.95,132.23,119.1,123.77,123.77,"16,248,400"
"Mar 18, 2020",111,119,108.85,118.71,118.71,"13,594,300"
"Mar 17, 2020",107.33,113.83,102,111.1,111.1,"18,721,500"
"Mar 16, 2020",105,119.87,103.2,107.86,107.86,"17,210,700"
"Mar 13, 2020",113,113.8,104.16,107.47,107.47,"9,233,500"
"Mar 12, 2020",106.25,113.87,104.39,109.47,109.47,"12,097,900"
"Mar 11, 2020",108.41,113.99,107,110.3,110.3,"12,576,700"
"Mar 10, 2020",113.8,113.8,105,108.49,108.49,"10,244,000"
"Mar 9, 2020",105,116.5,100.88,113.75,113.75,"14,571,300"
"Mar 6, 2020",119.65,122,107,114.32,114.32,"22,975,700"
"Mar 5, 2020",110.25,129.83,110,125,125,"28,149,400"
"Mar 4, 2020",118.51,119.97,113.11,116.8,116.8,"12,102,600"
"Mar 3, 2020",114.55,119.2,112.11,117.47,117.47,"11,033,700"
"Mar 2, 2020",109.35,114.5,102.5,113.11,113.11,"10,157,400"
"Feb 28, 2020",121.07,121.93,97.37,105,105,"21,617,100"
"Feb 27, 2020",109.43,118,107.6,113.55,113.55,"13,511,800"
"Feb 26, 2020",109.94,111.3,105.6,106.88,106.88,"6,867,500"
"Feb 25, 2020",108.52,111.8,104.47,107.08,107.08,"13,425,900"
"Feb 24, 2020",97.8,110,97.02,105.01,105.01,"12,172,800"
"Feb 21, 2020",104.03,104.29,98.09,101.76,101.76,"5,519,200"
"Feb 20, 2020",104,110.75,101.43,105.29,105.29,"11,293,200"
"Feb 19, 2020",100.32,105.08,99.75,103.93,103.93,"7,793,800"
"Feb 18, 2020",93.02,98.14,92.4,96.39,96.39,"5,608,200"
"Feb 14, 2020",90.88,91.71,89.81,90.95,90.95,"2,295,000"
"Feb 13, 2020",87.61,91.93,87,89.86,89.86,"3,406,400"
"Feb 12, 2020",88.66,89.5,86.52,88.28,88.28,"1,671,100"
"Feb 11, 2020",90,90.5,87.93,88.68,88.68,"2,731,900"
"Feb 10, 2020",89.09,89.98,86.91,89.67,89.67,"2,071,600"
"Feb 7, 2020",87.23,90.6,86.81,88.64,88.64,"2,636,600"
"Feb 6, 2020",87,89.44,85.26,87.26,87.26,"2,410,800"
"Feb 5, 2020",85.77,90.97,83.75,86.99,86.99,"5,126,800"
"Feb 4, 2020",91.04,93.3,83.5,85.79,85.79,"10,611,000"
"Feb 3, 2020",77.69,88.94,77.51,87.66,87.66,"12,941,300"
"Jan 31, 2020",74.27,76.67,73.3,76.3,76.3,"2,521,700"
"Jan 30, 2020",73.1,74.8,72.55,74.54,74.54,"1,425,400"
"Jan 29, 2020",72.51,74.14,71.21,73.58,73.58,"1,373,400"
"Jan 28, 2020",71,72.48,70.26,71.51,71.51,"1,598,200"
"Jan 27, 2020",71.33,72.13,70.32,70.44,70.44,"1,750,700"
"Jan 24, 2020",74.97,76.18,72.38,73,73,"1,660,200"
"Jan 23, 2020",75.67,75.97,74.21,74.47,74.47,"1,279,000"
"Jan 22, 2020",77.07,77.11,75.46,75.54,75.54,"1,501,600"
"Jan 21, 2020",75.56,77.12,74.32,76.73,76.73,"1,606,700"
"Jan 17, 2020",76.66,76.9,75.49,75.56,75.56,"1,357,400"
"Jan 16, 2020",78,78.79,75.11,76.11,76.11,"2,998,300"
"Jan 15, 2020",73.28,77.78,73.2,76.94,76.94,"3,963,500"
"Jan 14, 2020",74.32,75.11,72.26,73.16,73.16,"1,909,500"
"Jan 13, 2020",73.89,75.58,73.8,74.03,74.03,"3,347,100"
"Jan 10, 2020",73.08,73.8,72.25,73.09,73.09,"1,655,100"
"Jan 9, 2020",73.99,74,71.35,72.62,72.62,"2,772,000"
"Jan 8, 2020",71.81,73.29,71.03,72.55,72.55,"2,482,300"
"Jan 7, 2020",70.29,72.84,69.37,71.9,71.9,"6,985,400"
"Jan 6, 2020",66.63,70.5,65.81,70.32,70.32,"3,151,600"
"Jan 3, 2020",67.62,68.68,67.1,67.28,67.28,"1,127,900"
"Jan 2, 2020",68.8,69.24,68.02,68.72,68.72,"1,315,500"
"Dec 31, 2019",66.38,68.18,66.31,68.04,68.04,"1,351,400"
"Dec 30, 2019",66.56,67.18,65.52,66.79,66.79,"1,162,700"
"Dec 27, 2019",67.51,67.96,66.51,66.64,66.64,"955,400"
"Dec 26, 2019",66.5,68.19,66.3,67.45,67.45,"1,387,600"
"Dec 24, 2019",66.3,66.89,65.74,66.46,66.46,"562,600"
"Dec 23, 2019",67.02,67.5,65.93,66.15,66.15,"1,663,500"
"Dec 20, 2019",68.2,68.48,66.42,66.93,66.93,"2,201,400"
"Dec 19, 2019",67.75,68.46,67.1,68.18,68.18,"1,610,500"
"Dec 18, 2019",66.22,68.14,66.04,67.6,67.6,"2,237,000"
"Dec 17, 2019",66.62,66.62,65.4,66.17,66.17,"2,301,000"
"Dec 16, 2019",63.59,66.39,63.56,66.35,66.35,"3,282,800"
"Dec 13, 2019",62.5,63.75,62.02,63.54,63.54,"2,489,400"
"Dec 12, 2019",63.49,64.23,62.12,62.49,62.49,"3,317,300"
"Dec 11, 2019",64.24,64.45,62.05,63.52,63.52,"3,685,600"
"Dec 10, 2019",65.49,65.83,63.39,64.57,64.57,"3,895,700"
"Dec 9, 2019",62.39,67.27,62.33,65.94,65.94,"5,234,100"
"Dec 6, 2019",64.26,65.08,62.11,62.74,62.74,"11,253,600"
"Dec 5, 2019",70.03,70.75,69.22,69.67,69.67,"3,672,600"
"Dec 4, 2019",70.5,70.9,69.15,69.96,69.96,"2,076,500"
"Dec 3, 2019",66.72,70.53,66.05,70.02,70.02,"2,444,200"
"Dec 2, 2019",74.06,74.5,68.46,68.93,68.93,"3,138,600"
"Nov 29, 2019",74.1,74.94,73.86,74.5,74.5,"512,600"
"Nov 27, 2019",75.81,75.84,73.36,74.08,74.08,"1,355,900"
"Nov 26, 2019",75,75.77,74.76,75.16,75.16,"1,836,500"
"Nov 25, 2019",73.8,75.06,72.86,74.55,74.55,"1,936,400"
"Nov 22, 2019",72,74,71.15,73.16,73.16,"3,051,900"
"Nov 21, 2019",71.5,71.95,69.58,69.92,69.92,"1,127,000"
"Nov 20, 2019",69.25,71.71,68.55,70.99,70.99,"2,780,700"
"Nov 19, 2019",70.19,70.33,68.19,69.64,69.64,"1,704,700"
"Nov 18, 2019",70.47,71.14,68.78,70.08,70.08,"1,676,000"
"Nov 15, 2019",68.13,71.1,67.91,70.01,70.01,"2,311,800"
"Nov 14, 2019",67.77,68.15,66.71,67.74,67.74,"932,500"
"Nov 13, 2019",68,68.51,66.87,68.01,68.01,"1,987,000"
"Nov 12, 2019",68.5,70.05,67.56,68,68,"1,911,000"
"Nov 11, 2019",69.51,70.19,67.76,68.39,68.39,"1,037,500"
"Nov 8, 2019",66.54,70,66.52,69.85,69.85,"1,472,400"
"Nov 7, 2019",67.03,68.68,66.21,66.81,66.81,"1,128,200"
"Nov 6, 2019",66.95,67.13,65.36,66.83,66.83,"1,327,400"
"Nov 5, 2019",70.71,70.85,66.68,66.89,66.89,"1,805,900"
"Nov 4, 2019",70.81,70.85,69.01,70.12,70.12,"1,563,100"
"Nov 1, 2019",69.86,70.55,68.02,70.39,70.39,"3,561,800"
"Oct 31, 2019",69.52,70.08,66.6,69.89,69.89,"3,405,300"
"Oct 30, 2019",65.97,70.09,65.66,70,70,"4,670,300"
"Oct 29, 2019",65.77,67.11,64.8,65.49,65.49,"1,825,300"
"Oct 28, 2019",63.96,67.47,62.26,66.56,66.56,"3,509,300"
"Oct 25, 2019",64.33,64.99,62.79,63.45,63.45,"1,921,900"
"Oct 24, 2019",63,65.94,62.76,64.52,64.52,"3,433,300"
"Oct 23, 2019",61.33,63.74,60.97,62.06,62.06,"3,589,200"
"Oct 22, 2019",64.2,64.6,61.02,62,62,"4,584,700"
"Oct 21, 2019",65.29,66.5,64.16,65.77,65.77,"3,076,500"
"Oct 18, 2019",66.26,66.93,64.53,66.08,66.08,"4,819,400"
"Oct 17, 2019",67.09,68,66.76,67.03,67.03,"3,496,800"
"Oct 16, 2019",69.7,69.95,66.51,67.69,67.69,"6,061,400"
"Oct 15, 2019",68.76,71.27,68.38,71.11,71.11,"10,576,600"
"Oct 14, 2019",70.46,71.24,69.55,70.8,70.8,"2,218,100"
"Oct 11, 2019",71.37,72.89,70.9,71.35,71.35,"2,391,800"
"Oct 10, 2019",72.86,73.78,71.01,71.01,71.01,"2,282,200"
"Oct 9, 2019",74.22,75.06,72.75,72.86,72.86,"1,490,100"
"Oct 8, 2019",76.01,76.35,72.58,73.59,73.59,"3,156,600"
"Oct 7, 2019",76.99,77.43,75,76.99,76.99,"1,432,200"
"Oct 4, 2019",77,77.78,75.28,76.53,76.53,"1,799,500"
"Oct 3, 2019",73.9,78.49,73.39,76.83,76.83,"2,605,800"
"Oct 2, 2019",74.5,75.78,73.66,73.85,73.85,"1,388,700"
"Oct 1, 2019",76.43,77.49,75.21,75.81,75.81,"1,378,100"
"Sep 30, 2019",76.13,77,74.29,76.2,76.2,"1,356,500"
"Sep 27, 2019",79.69,79.82,75.09,76.04,76.04,"2,347,400"
"Sep 26, 2019",79.25,80.62,78.61,79.75,79.75,"920,000"
"Sep 25, 2019",79.12,79.99,76.08,79.6,79.6,"1,924,100"
"Sep 24, 2019",82.43,82.93,79.46,80.02,80.02,"2,145,400"
"Sep 23, 2019",82.29,83.6,81.8,82.62,82.62,"677,000"
"Sep 20, 2019",85,85.35,81.5,82.63,82.63,"2,050,100"
"Sep 19, 2019",85.2,85.35,83.25,84.62,84.62,"1,266,600"
"Sep 18, 2019",84.4,86,83.5,84.55,84.55,"1,835,400"
"Sep 17, 2019",81.49,84.82,79.53,84.64,84.64,"2,539,900"
"Sep 16, 2019",78.5,80.99,78.26,80.67,80.67,"1,630,100"
"Sep 13, 2019",81.57,82.48,78.27,78.85,78.85,"1,416,800"
"Sep 12, 2019",81.45,82.65,79.9,81.53,81.53,"1,955,100"
"Sep 11, 2019",80,81.86,78.5,80.71,80.71,"2,013,600"
"Sep 10, 2019",77,81.22,76.81,80.35,80.35,"2,813,200"
"Sep 9, 2019",85.75,85.94,77.2,78.65,78.65,"6,713,800"
"Sep 6, 2019",92,96.5,84.86,85.41,85.41,"7,289,700"
"Sep 5, 2019",94.24,94.38,88.51,92.69,92.69,"4,991,800"
"Sep 4, 2019",93.95,96,93.18,93.53,93.53,"2,400,700"
"Sep 3, 2019",91.5,94.24,90.75,92.46,92.46,"1,538,900"
"Aug 30, 2019",91.82,92.42,89.02,91.67,91.67,"1,186,100"
"Aug 29, 2019",91.5,92.68,90.7,90.87,90.87,"851,800"
"Aug 28, 2019",91.16,91.38,88.71,90.16,90.16,"1,148,300"
"Aug 27, 2019",92.6,93.69,90.44,91.73,91.73,"825,800"
"Aug 26, 2019",92.33,93.5,91.45,91.76,91.76,"697,400"
"Aug 23, 2019",93.14,94.13,90.41,91.63,91.63,"1,368,400"
"Aug 22, 2019",93.48,95.5,91.57,93.88,93.88,"883,000"
"Aug 21, 2019",92.86,94.18,92.35,93.01,93.01,"760,000"
"Aug 20, 2019",93,93.57,91.14,91.41,91.41,"746,100"
"Aug 19, 2019",94.18,96.2,92.89,93.17,93.17,"1,226,000"
"Aug 16, 2019",92.12,95,92.08,92.53,92.53,"1,259,300"
"Aug 15, 2019",92.77,93.44,89.69,90.64,90.64,"1,079,800"
"Aug 14, 2019",93.2,94.52,89.89,92.65,92.65,"1,265,700"
"Aug 13, 2019",92.06,96.22,92.06,95.45,95.45,"1,167,200"
"Aug 12, 2019",93.05,94.18,91.11,92.16,92.16,"779,300"
"Aug 9, 2019",94.79,95.49,93.31,94.2,94.2,"800,500"
"Aug 8, 2019",93.57,95.84,93.02,95.77,95.77,"925,600"
"Aug 7, 2019",89.02,93.16,88.02,92.45,92.45,"996,100"
"Aug 6, 2019",91.5,92.29,88.1,90.43,90.43,"1,028,700"
"Aug 5, 2019",90.7,91.19,87.29,89.69,89.69,"1,774,400"
"Aug 2, 2019",94.92,96,92.57,93.66,93.66,"1,117,100"
"Aug 1, 2019",95.75,98.66,93.8,95.1,95.1,"1,530,400"
"Jul 31, 2019",96.43,97.5,93.5,95.51,95.51,"1,514,700"
"Jul 30, 2019",95.19,99.35,94.03,95.49,95.49,"1,635,500"
"Jul 29, 2019",102.6,103,92.1,96.47,96.47,"4,230,300"
"Jul 26, 2019",97.95,104.49,97.83,102.2,102.2,"3,040,700"
"Jul 25, 2019",95.84,99.6,95.75,97.11,97.11,"1,870,300"
"Jul 24, 2019",97.12,97.88,94.68,95.94,95.94,"1,283,700"
"Jul 23, 2019",97.5,98.15,93.52,97.39,97.39,"2,241,700"
"Jul 22, 2019",94.19,97.46,93.5,96.67,96.67,"1,483,000"
"Jul 19, 2019",97.15,97.79,92.88,93.38,93.38,"1,747,700"
"Jul 18, 2019",99.24,99.5,95.02,95.19,95.19,"1,948,800"
"Jul 17, 2019",97.62,101.99,97.54,99.73,99.73,"2,314,100"
"Jul 16, 2019",100.14,100.5,96.5,97.1,97.1,"2,120,100"
"Jul 15, 2019",94,100.65,93.78,99.8,99.8,"3,835,600"
"Jul 12, 2019",93.01,94.93,91.37,93.3,93.3,"2,689,700"
"Jul 11, 2019",92.9,93.2,90.45,91.4,91.4,"1,784,600"
"Jul 10, 2019",91.76,93.45,91.55,92.72,92.72,"2,059,300"
"Jul 9, 2019",90.27,91.27,89.1,90.93,90.93,"1,557,400"
"Jul 8, 2019",91.44,92.79,89.89,90.76,90.76,"1,793,300"
"Jul 5, 2019",90.14,91.97,88,91.88,91.88,"2,582,700"
"Jul 3, 2019",85.45,90.6,84.51,90.45,90.45,"2,706,100"
"Jul 2, 2019",86.27,86.85,84,85.13,85.13,"1,866,000"
"Jul 1, 2019",85.13,87.79,83.1,86.86,86.86,"5,306,600"
"Jun 28, 2019",91.76,92.2,87.25,88.79,88.79,"3,228,300"
"Jun 27, 2019",89.7,92.33,87.8,90.27,90.27,"3,019,500"
"Jun 26, 2019",87.92,89.08,84.61,86.33,86.33,"2,680,000"
"Jun 25, 2019",89.43,91.5,84.63,85.03,85.03,"3,744,500"
"Jun 24, 2019",100.85,101.5,88.88,89.41,89.41,"6,011,200"
"Jun 21, 2019",101.42,101.53,97.82,100.47,100.47,"2,972,500"
"Jun 20, 2019",105.01,107.34,101.62,102.3,102.3,"2,460,700"
"Jun 19, 2019",100.49,104.44,98.63,102.39,102.39,"2,592,700"
"Jun 18, 2019",100.39,102,97.51,99.64,99.64,"2,272,400"
"Jun 17, 2019",101,102.45,97,98.11,98.11,"2,128,500"
"Jun 14, 2019",100.47,104.57,99.25,100.29,100.29,"1,889,300"
"Jun 13, 2019",105.1,105.17,98.55,100.95,100.95,"3,189,100"
"Jun 12, 2019",94.6,104.18,94,102.77,102.77,"3,156,900"
"Jun 11, 2019",101,101.2,91.57,94.87,94.87,"4,372,400"
"Jun 10, 2019",98.51,105.99,96,102,102,"4,852,800"
"Jun 7, 2019",93.66,98.89,92.5,94.05,94.05,"9,487,800"
"Jun 6, 2019",77.4,79.75,77.03,79.43,79.43,"3,024,000"
"Jun 5, 2019",80.14,80.6,76.24,78.04,78.04,"1,295,800"
"Jun 4, 2019",78.2,78.88,76.62,78.74,78.74,"1,134,900"
"Jun 3, 2019",80,81.94,75.65,75.9,75.9,"1,570,500"
"May 31, 2019",78.77,83.17,77.78,79.73,79.73,"1,594,300"
"May 30, 2019",76.68,80.97,76.6,80.42,80.42,"1,996,000"
"May 29, 2019",77,77.93,73.58,75.77,75.77,"1,512,100"
"May 28, 2019",76.8,79.39,76.8,77.77,77.77,"1,641,300"
"May 24, 2019",80.48,81.25,74.2,76.25,76.25,"2,946,800"
"May 23, 2019",81.25,81.5,77.26,78.76,78.76,"2,856,000"
"May 22, 2019",84.63,85.7,82,82.43,82.43,"1,596,400"
"May 21, 2019",86.63,89.7,84.5,85.44,85.44,"2,576,000"
"May 20, 2019",90.1,91.46,83.27,84.67,84.67,"3,666,800"
"May 17, 2019",82.25,90.28,81.88,89.98,89.98,"3,442,500"
"May 16, 2019",80.12,87.55,79.25,83.4,83.4,"4,580,700"
"May 15, 2019",73.4,80,72.21,79.76,79.76,"2,426,500"
"May 14, 2019",74.12,76.89,73.11,73.14,73.14,"1,950,400"
"May 13, 2019",77.39,77.39,70.6,72.54,72.54,"2,873,200"
"May 10, 2019",75.79,79.74,74.77,79.63,79.63,"1,555,100"
"May 9, 2019",76.85,76.99,74,75.21,75.21,"1,348,200"
"May 8, 2019",74.61,78.5,74.03,77.68,77.68,"2,265,500"
"May 7, 2019",77.85,78.05,73.25,73.33,73.33,"1,975,200"
"May 6, 2019",75.01,80.79,74.5,78.24,78.24,"2,051,800"
"May 3, 2019",75,80.25,75,79.18,79.18,"2,590,300"
"May 2, 2019",72.75,75.89,69.69,75.5,75.5,"2,525,300"
"May 1, 2019",72.72,76.95,70.82,72.76,72.76,"3,301,900"
"Apr 30, 2019",68.4,72.52,66.67,72.47,72.47,"4,113,100"
"Apr 29, 2019",66.53,68.5,64.75,68.17,68.17,"1,822,300"
"Apr 26, 2019",66.12,66.99,63.6,66.22,66.22,"1,527,400"
"Apr 25, 2019",64.74,66.85,62.6,65,65,"3,863,300"
"Apr 24, 2019",71.4,71.5,63.16,63.2,63.2,"4,973,500"
"Apr 23, 2019",66.87,74.17,65.55,69,69,"6,786,500"
"Apr 22, 2019",61,68.9,59.94,65.7,65.7,"9,949,700"
"Apr 18, 2019",65,66,60.32,62,62,"25,764,700"